timestep,location,flow,occupy,speed
4292,0,259,1,1
4293,0,70,1,1
4294,0,123,1,1
4295,0,194,1,1
4296,0,303,1,1
4297,0,615,1,1
4298,0,463,1,1
4299,0,523,1,1
4300,0,543,1,1
4301,0,538,1,1
4302,0,549,1,1
4303,0,530,1,1
4304,0,475,1,1
4305,0,435,1,1
4306,0,380,1,1
4307,0,424,1,1
4308,0,393,1,1
4309,0,403,1,1
4310,0,421,1,1
4311,0,388,1,1
4312,0,382,1,1
4313,0,439,1,1
4314,0,378,1,1
4315,0,393,1,1
4316,0,381,1,1
4317,0,450,1,1
4318,0,451,1,1
4319,0,386,1,1
4320,0,325,1,1
4321,0,232,1,1
4322,0,264,1,1
4323,0,430,1,1
4324,0,489,1,1
4325,0,486,1,1
4326,0,527,1,1
4327,0,519,1,1
4328,0,476,1,1
4329,0,455,1,1
4330,0,554,1,1
4331,0,509,1,1
4332,0,521,1,1
4333,0,537,1,1
4334,0,523,1,1
4335,0,554,1,1
4336,0,593,1,1
4337,0,645,1,1
4338,0,585,1,1
4339,0,562,1,1
4340,0,583,1,1
4341,0,575,1,1
4342,0,460,1,1
4343,0,580,1,1
4344,0,598,1,1
4345,0,678,1,1
4346,0,750,1,1
4347,0,557,1,1
4348,0,546,1,1
4349,0,528,1,1
4350,0,509,1,1
4351,0,502,1,1
4352,0,491,1,1
4353,0,454,1,1
4354,0,429,1,1
4355,0,375,1,1
4356,0,434,1,1
4357,0,402,1,1
4358,0,353,1,1
4359,0,530,1,1
4360,0,442,1,1
4361,0,484,1,1
4362,0,408,1,1
4363,0,426,1,1
4364,0,0,1,1
4365,0,0,1,1
4366,0,59,1,1
4367,0,66,1,1
4368,0,73,1,1
4369,0,157,1,1
4370,0,209,1,1
4371,0,170,1,1
4372,0,243,1,1
4373,0,277,1,1
4374,0,307,1,1
4375,0,368,1,1
4376,0,359,1,1
4377,0,412,1,1
4378,0,377,1,1
4379,0,370,1,1
4380,0,402,1,1
4381,0,404,1,1
4382,0,357,1,1
4383,0,403,1,1
4384,0,408,1,1
4385,0,437,1,1
4386,0,424,1,1
4387,0,379,1,1
4388,0,419,1,1
4389,0,468,1,1
4390,0,500,1,1
4391,0,495,1,1
4392,0,451,1,1
4393,0,543,1,1
4394,0,495,1,1
4395,0,488,1,1
4396,0,515,1,1
4397,0,540,1,1
4398,0,571,1,1
4399,0,483,1,1
4400,0,512,1,1
4401,0,529,1,1
4402,0,494,1,1
4403,0,503,1,1
4404,0,470,1,1
4405,0,552,1,1
4406,0,521,1,1
4407,0,509,1,1
4408,0,542,1,1
4409,0,543,1,1
4410,0,550,1,1
4411,0,610,1,1
4412,0,594,1,1
4413,0,634,1,1
4414,0,561,1,1
4415,0,673,1,1
4416,0,518,1,1
4417,0,612,1,1
4418,0,709,1,1
4419,0,611,1,1
4420,0,570,1,1
4421,0,525,1,1
4422,0,553,1,1
4423,0,557,1,1
4424,0,541,1,1
4425,0,497,1,1
4426,0,471,1,1
4427,0,361,1,1
4428,0,371,1,1
4429,0,385,1,1
4430,0,335,1,1
4431,0,395,1,1
4432,0,318,1,1
4433,0,330,1,1
4434,0,337,1,1
4435,0,357,1,1
4436,0,277,1,1
4437,0,310,1,1
4438,0,0,1,1
4439,0,0,1,1
4440,0,41,1,1
4441,0,0,1,1
4442,0,40,1,1
4443,0,0,1,1
4444,0,52,1,1
4445,0,0,1,1
4446,0,59,1,1
4447,0,0,1,1
4448,0,78,1,1
4449,0,0,1,1
4450,0,176,1,1
4451,0,0,1,1
4452,0,124,1,1
4453,0,0,1,1
4454,0,131,1,1
4455,0,0,1,1
4456,0,170,1,1
4457,0,0,1,1
4458,0,199,1,1
4459,0,0,1,1
4460,0,236,1,1
4461,0,0,1,1
4462,0,249,1,1
4463,0,0,1,1
4464,0,351,1,1
4465,0,0,1,1
4466,0,396,1,1
4467,0,0,1,1
4468,0,395,1,1
4469,0,0,1,1
4470,0,334,1,1
4471,0,0,1,1
4472,0,304,1,1
4473,0,0,1,1
4474,0,271,1,1
4475,0,0,1,1
4476,0,264,1,1
4477,0,0,1,1
4478,0,279,1,1
4479,0,0,1,1
4480,0,381,1,1
4481,0,0,1,1
4482,0,307,1,1
4483,0,0,1,1
4484,0,310,1,1
4485,0,0,1,1
4486,0,336,1,1
4487,0,0,1,1
4488,0,372,1,1
4489,0,0,1,1
4490,0,407,1,1
4491,0,0,1,1
4492,0,430,1,1
4493,0,0,1,1
4494,0,482,1,1
4495,0,0,1,1
4496,0,489,1,1
4497,0,0,1,1
4498,0,526,1,1
4499,0,0,1,1
4500,0,545,1,1
4501,0,0,1,1
4502,0,517,1,1
4503,0,0,1,1
4504,0,444,1,1
4505,0,0,1,1
4506,0,466,1,1
4507,0,0,1,1
4508,0,465,1,1
4509,0,0,1,1
4510,0,478,1,1
4511,0,0,1,1
4512,0,462,1,1
4513,0,0,1,1
4514,0,491,1,1
4515,0,0,1,1
4516,0,486,1,1
4517,0,0,1,1
4518,0,468,1,1
4519,0,0,1,1
4520,0,462,1,1
4521,0,0,1,1
4522,0,553,1,1
4523,0,0,1,1
4524,0,483,1,1
4525,0,0,1,1
4526,0,545,1,1
4527,0,0,1,1
4528,0,448,1,1
4529,0,0,1,1
4530,0,522,1,1
4531,0,0,1,1
4532,0,504,1,1
4533,0,0,1,1
4534,0,431,1,1
4535,0,0,1,1
4536,0,465,1,1
4537,0,0,1,1
4538,0,494,1,1
4539,0,0,1,1
4540,0,431,1,1
4541,0,0,1,1
4542,0,394,1,1
4543,0,0,1,1
4544,0,494,1,1
4545,0,0,1,1
4546,0,430,1,1
4547,0,0,1,1
4548,0,348,1,1
4549,0,0,1,1
4550,0,416,1,1
4551,0,0,1,1
4552,0,420,1,1
4553,0,0,1,1
4554,0,388,1,1
4555,0,0,1,1
4556,0,381,1,1
4557,0,0,1,1
4558,0,310,1,1
4559,0,0,1,1
4560,0,393,1,1
4561,0,0,1,1
4562,0,388,1,1
4563,0,0,1,1
4564,0,388,1,1
4565,0,0,1,1
4566,0,337,1,1
4567,0,0,1,1
4568,0,335,1,1
4569,0,0,1,1
4570,0,336,1,1
4571,0,0,1,1
4572,0,320,1,1
4573,0,0,1,1
4574,0,300,1,1
4575,0,0,1,1
4576,0,247,1,1
4577,0,0,1,1
4578,0,268,1,1
4579,0,0,1,1
4580,0,207,1,1
4581,0,0,1,1
4582,0,182,1,1
4583,0,0,1,1
4584,0,0,1,1
4585,0,0,1,1
4586,0,44,1,1
4587,0,80,1,1
4588,0,110,1,1
4589,0,252,1,1
4590,0,304,1,1
4591,0,400,1,1
4592,0,492,1,1
4593,0,564,1,1
4594,0,610,1,1
4595,0,617,1,1
4596,0,560,1,1
4597,0,499,1,1
4598,0,497,1,1
4599,0,471,1,1
4600,0,408,1,1
4601,0,392,1,1
4602,0,368,1,1
4603,0,356,1,1
4604,0,377,1,1
4605,0,365,1,1
4606,0,391,1,1
4607,0,400,1,1
4608,0,359,1,1
4609,0,352,1,1
4610,0,411,1,1
4611,0,456,1,1
4612,0,457,1,1
4613,0,379,1,1
4614,0,360,1,1
4615,0,396,1,1
4616,0,429,1,1
4617,0,428,1,1
4618,0,397,1,1
4619,0,453,1,1
4620,0,485,1,1
4621,0,453,1,1
4622,0,509,1,1
4623,0,493,1,1
4624,0,422,1,1
4625,0,448,1,1
4626,0,472,1,1
4627,0,480,1,1
4628,0,481,1,1
4629,0,456,1,1
4630,0,566,1,1
4631,0,533,1,1
4632,0,582,1,1
4633,0,539,1,1
4634,0,585,1,1
4635,0,557,1,1
4636,0,680,1,1
4637,0,444,1,1
4638,0,647,1,1
4639,0,568,1,1
4640,0,646,1,1
4641,0,649,1,1
4642,0,500,1,1
4643,0,466,1,1
4644,0,420,1,1
4645,0,362,1,1
4646,0,312,1,1
4647,0,305,1,1
4648,0,305,1,1
4649,0,314,1,1
4650,0,296,1,1
4651,0,285,1,1
4652,0,293,1,1
4653,0,261,1,1
4654,0,258,1,1
4655,0,228,1,1
4656,0,217,1,1
4657,0,189,1,1
4658,0,0,1,1
4659,0,249,1,1
4660,0,53,1,1
4661,0,95,1,1
4662,0,225,1,1
4663,0,258,1,1
4664,0,507,1,1
4665,0,445,1,1
4666,0,503,1,1
4667,0,461,1,1
4668,0,537,1,1
4669,0,457,1,1
4670,0,513,1,1
4671,0,466,1,1
4672,0,442,1,1
4673,0,426,1,1
4674,0,384,1,1
4675,0,391,1,1
4676,0,398,1,1
4677,0,387,1,1
4678,0,368,1,1
4679,0,392,1,1
4680,0,366,1,1
4681,0,416,1,1
4682,0,372,1,1
4683,0,346,1,1
4684,0,400,1,1
4685,0,467,1,1
4686,0,428,1,1
4687,0,392,1,1
4688,0,433,1,1
4689,0,367,1,1
4690,0,391,1,1
4691,0,412,1,1
4692,0,458,1,1
4693,0,457,1,1
4694,0,455,1,1
4695,0,482,1,1
4696,0,487,1,1
4697,0,420,1,1
4698,0,441,1,1
4699,0,461,1,1
4700,0,474,1,1
4701,0,531,1,1
4702,0,497,1,1
4703,0,609,1,1
4704,0,482,1,1
4705,0,516,1,1
4706,0,570,1,1
4707,0,576,1,1
4708,0,532,1,1
4709,0,673,1,1
4710,0,580,1,1
4711,0,659,1,1
4712,0,678,1,1
4713,0,581,1,1
4714,0,518,1,1
4715,0,464,1,1
4716,0,477,1,1
4717,0,490,1,1
4718,0,478,1,1
4719,0,514,1,1
4720,0,431,1,1
4721,0,399,1,1
4722,0,413,1,1
4723,0,423,1,1
4724,0,393,1,1
4725,0,413,1,1
4726,0,373,1,1
4727,0,385,1,1
4728,0,385,1,1
4729,0,350,1,1
4730,0,295,1,1
4731,0,0,1,1
4732,0,53,1,1
4733,0,84,1,1
4734,0,163,1,1
4735,0,297,1,1
4736,0,411,1,1
4737,0,402,1,1
4738,0,514,1,1
4739,0,593,1,1
4740,0,575,1,1
4741,0,593,1,1
4742,0,575,1,1
4743,0,543,1,1
4744,0,448,1,1
4745,0,430,1,1
4746,0,0,1,1
4747,0,0,1,1
4748,0,0,1,1
4749,0,0,1,1
4750,0,0,1,1
4751,0,287,1,1
4752,0,381,1,1
4753,0,389,1,1
4754,0,397,1,1
4755,0,424,1,1
4756,0,384,1,1
4757,0,427,1,1
4758,0,450,1,1
4759,0,438,1,1
4760,0,405,1,1
4761,0,373,1,1
4762,0,427,1,1
4763,0,462,1,1
4764,0,448,1,1
4765,0,422,1,1
4766,0,461,1,1
4767,0,471,1,1
4768,0,477,1,1
4769,0,469,1,1
4770,0,442,1,1
4771,0,449,1,1
4772,0,430,1,1
4773,0,428,1,1
4774,0,453,1,1
4775,0,488,1,1
4776,0,488,1,1
4777,0,570,1,1
4778,0,611,1,1
4779,0,602,1,1
4780,0,533,1,1
4781,0,584,1,1
4782,0,571,1,1
4783,0,457,1,1
4784,0,551,1,1
4785,0,600,1,1
4786,0,711,1,1
4787,0,646,1,1
4788,0,612,1,1
4789,0,531,1,1
4790,0,519,1,1
4791,0,458,1,1
4792,0,468,1,1
4793,0,434,1,1
4794,0,359,1,1
4795,0,399,1,1
4796,0,353,1,1
4797,0,384,1,1
4798,0,336,1,1
4799,0,384,1,1
4800,0,363,1,1
4801,0,395,1,1
4802,0,337,1,1
4803,0,329,1,1
4804,0,0,1,1
4805,0,0,1,1
4806,0,110,1,1
4807,0,60,1,1
4808,0,101,1,1
4809,0,240,1,1
4810,0,285,1,1
4811,0,400,1,1
4812,0,511,1,1
4813,0,521,1,1
4814,0,580,1,1
4815,0,550,1,1
4816,0,520,1,1
4817,0,591,1,1
4818,0,493,1,1
4819,0,441,1,1
4820,0,421,1,1
4821,0,351,1,1
4822,0,405,1,1
4823,0,397,1,1
4824,0,388,1,1
4825,0,405,1,1
4826,0,363,1,1
4827,0,389,1,1
4828,0,333,1,1
4829,0,355,1,1
4830,0,375,1,1
4831,0,425,1,1
4832,0,462,1,1
4833,0,395,1,1
4834,0,355,1,1
4835,0,407,1,1
4836,0,395,1,1
4837,0,440,1,1
4838,0,420,1,1
4839,0,436,1,1
4840,0,452,1,1
4841,0,469,1,1
4842,0,480,1,1
4843,0,451,1,1
4844,0,446,1,1
4845,0,441,1,1
4846,0,465,1,1
4847,0,472,1,1
4848,0,517,1,1
4849,0,526,1,1
4850,0,603,1,1
4851,0,594,1,1
4852,0,602,1,1
4853,0,592,1,1
4854,0,624,1,1
4855,0,618,1,1
4856,0,631,1,1
4857,0,378,1,1
4858,0,673,1,1
4859,0,609,1,1
4860,0,575,1,1
4861,0,516,1,1
4862,0,464,1,1
4863,0,462,1,1
4864,0,452,1,1
4865,0,408,1,1
4866,0,399,1,1
4867,0,330,1,1
4868,0,358,1,1
4869,0,316,1,1
4870,0,381,1,1
4871,0,361,1,1
4872,0,390,1,1
4873,0,439,1,1
4874,0,367,1,1
4875,0,368,1,1
4876,0,309,1,1
4877,0,249,1,1
4878,0,62,1,1
4879,0,68,1,1
4880,0,115,1,1
4881,0,221,1,1
4882,0,421,1,1
4883,0,393,1,1
4884,0,454,1,1
4885,0,562,1,1
4886,0,531,1,1
4887,0,591,1,1
4888,0,585,1,1
4889,0,547,1,1
4890,0,502,1,1
4891,0,449,1,1
4892,0,29,1,1
4893,0,0,1,1
4894,0,0,1,1
4895,0,0,1,1
4896,0,0,1,1
4897,0,0,1,1
4898,0,0,1,1
4899,0,0,1,1
4900,0,0,1,1
4901,0,0,1,1
4902,0,191,1,1
4903,0,459,1,1
4904,0,463,1,1
4905,0,391,1,1
4906,0,310,1,1
4907,0,255,1,1
4908,0,330,1,1
4909,0,481,1,1
4910,0,489,1,1
4911,0,466,1,1
4912,0,492,1,1
4913,0,498,1,1
4914,0,574,1,1
4915,0,586,1,1
4916,0,519,1,1
4917,0,526,1,1
4918,0,538,1,1
4919,0,593,1,1
4920,0,560,1,1
4921,0,539,1,1
4922,0,609,1,1
4923,0,578,1,1
4924,0,539,1,1
4925,0,634,1,1
4926,0,627,1,1
4927,0,586,1,1
4928,0,569,1,1
4929,0,602,1,1
4930,0,621,1,1
4931,0,578,1,1
4932,0,584,1,1
4933,0,550,1,1
4934,0,593,1,1
4935,0,537,1,1
4936,0,485,1,1
4937,0,458,1,1
4938,0,425,1,1
4939,0,354,1,1
4940,0,375,1,1
4941,0,363,1,1
4942,0,340,1,1
4943,0,335,1,1
4944,0,348,1,1
4945,0,312,1,1
4946,0,329,1,1
4947,0,334,1,1
4948,0,304,1,1
4949,0,281,1,1
4950,0,50,1,1
4951,0,52,1,1
4952,0,68,1,1
4953,0,119,1,1
4954,0,347,1,1
4955,0,181,1,1
4956,0,257,1,1
4957,0,289,1,1
4958,0,334,1,1
4959,0,426,1,1
4960,0,409,1,1
4961,0,455,1,1
4962,0,364,1,1
4963,0,379,1,1
4964,0,422,1,1
4965,0,429,1,1
4966,0,379,1,1
4967,0,348,1,1
4968,0,392,1,1
4969,0,391,1,1
4970,0,409,1,1
4971,0,406,1,1
4972,0,443,1,1
4973,0,438,1,1
4974,0,494,1,1
4975,0,470,1,1
4976,0,448,1,1
4977,0,518,1,1
4978,0,512,1,1
4979,0,504,1,1
4980,0,533,1,1
4981,0,585,1,1
4982,0,535,1,1
4983,0,515,1,1
4984,0,512,1,1
4985,0,487,1,1
4986,0,489,1,1
4987,0,526,1,1
4988,0,523,1,1
4989,0,512,1,1
4990,0,520,1,1
4991,0,505,1,1
4992,0,615,1,1
4993,0,508,1,1
4994,0,570,1,1
4995,0,584,1,1
4996,0,607,1,1
4997,0,595,1,1
4998,0,658,1,1
4999,0,609,1,1
5000,0,551,1,1
5001,0,712,1,1
5002,0,623,1,1
5003,0,599,1,1
5004,0,499,1,1
5005,0,560,1,1
5006,0,504,1,1
5007,0,461,1,1
5008,0,423,1,1
5009,0,401,1,1
5010,0,371,1,1
5011,0,379,1,1
5012,0,336,1,1
5013,0,349,1,1
5014,0,375,1,1
5015,0,375,1,1
5016,0,359,1,1
5017,0,361,1,1
5018,0,373,1,1
5019,0,364,1,1
5020,0,412,1,1
5021,0,327,1,1
5022,0,29,1,1
5023,0,33,1,1
5024,0,52,1,1
5025,0,56,1,1
5026,0,131,1,1
5027,0,87,1,1
5028,0,102,1,1
5029,0,149,1,1
5030,0,125,1,1
5031,0,177,1,1
5032,0,191,1,1
5033,0,202,1,1
5034,0,181,1,1
5035,0,149,1,1
5036,0,205,1,1
5037,0,200,1,1
5038,0,212,1,1
5039,0,227,1,1
5040,0,253,1,1
5041,0,220,1,1
5042,0,241,1,1
5043,0,322,1,1
5044,0,285,1,1
5045,0,314,1,1
5046,0,376,1,1
5047,0,372,1,1
5048,0,364,1,1
5049,0,417,1,1
5050,0,386,1,1
5051,0,427,1,1
5052,0,428,1,1
5053,0,472,1,1
5054,0,492,1,1
5055,0,515,1,1
5056,0,513,1,1
5057,0,466,1,1
5058,0,474,1,1
5059,0,481,1,1
5060,0,497,1,1
5061,0,528,1,1
5062,0,464,1,1
5063,0,514,1,1
5064,0,506,1,1
5065,0,427,1,1
5066,0,514,1,1
5067,0,490,1,1
5068,0,561,1,1
5069,0,493,1,1
5070,0,529,1,1
5071,0,453,1,1
5072,0,496,1,1
5073,0,480,1,1
5074,0,511,1,1
5075,0,446,1,1
5076,0,432,1,1
5077,0,422,1,1
5078,0,458,1,1
5079,0,401,1,1
5080,0,313,1,1
5081,0,314,1,1
5082,0,287,1,1
5083,0,326,1,1
5084,0,327,1,1
5085,0,356,1,1
5086,0,315,1,1
5087,0,336,1,1
5088,0,295,1,1
5089,0,291,1,1
5090,0,231,1,1
5091,0,246,1,1
5092,0,227,1,1
5093,0,196,1,1
5094,0,102,1,1
5095,0,71,1,1
5096,0,112,1,1
5097,0,175,1,1
5098,0,437,1,1
5099,0,293,1,1
5100,0,422,1,1
5101,0,386,1,1
5102,0,464,1,1
5103,0,471,1,1
5104,0,439,1,1
5105,0,400,1,1
5106,0,412,1,1
5107,0,387,1,1
5108,0,347,1,1
5109,0,329,1,1
5110,0,306,1,1
5111,0,327,1,1
5112,0,334,1,1
5113,0,327,1,1
5114,0,287,1,1
5115,0,323,1,1
5116,0,293,1,1
5117,0,297,1,1
5118,0,341,1,1
5119,0,392,1,1
5120,0,220,1,1
5121,0,0,1,1
5122,0,0,1,1
5123,0,0,1,1
5124,0,0,1,1
5125,0,0,1,1
5126,0,0,1,1
5127,0,0,1,1
5128,0,0,1,1
5129,0,0,1,1
5130,0,0,1,1
5131,0,0,1,1
5132,0,0,1,1
5133,0,0,1,1
5134,0,0,1,1
5135,0,0,1,1
5136,0,0,1,1
5137,0,0,1,1
5138,0,0,1,1
5139,0,0,1,1
5140,0,0,1,1
5141,0,0,1,1
5142,0,0,1,1
5143,0,0,1,1
5144,0,0,1,1
5145,0,0,1,1
5146,0,0,1,1
5147,0,0,1,1
5148,0,0,1,1
5149,0,0,1,1
5150,0,81,1,1
5151,0,354,1,1
5152,0,68,1,1
5153,0,0,1,1
5154,0,0,1,1
5155,0,0,1,1
5156,0,0,1,1
5157,0,0,1,1
5158,0,0,1,1
5159,0,0,1,1
5160,0,0,1,1
5161,0,0,1,1
5162,0,0,1,1
5163,0,0,1,1
5164,0,0,1,1
5165,0,0,1,1
5166,0,0,1,1
5167,0,88,1,1
5168,0,375,1,1
5169,0,458,1,1
5170,0,386,1,1
5171,0,413,1,1
5172,0,471,1,1
5173,0,491,1,1
5174,0,517,1,1
5175,0,470,1,1
5176,0,470,1,1
5177,0,446,1,1
5178,0,491,1,1
5179,0,497,1,1
5180,0,525,1,1
5181,0,521,1,1
5182,0,594,1,1
5183,0,638,1,1
5184,0,625,1,1
5185,0,679,1,1
5186,0,622,1,1
5187,0,629,1,1
5188,0,643,1,1
5189,0,363,1,1
5190,0,147,1,1
5191,0,82,1,1
5192,0,128,1,1
5193,0,243,1,1
5194,0,372,1,1
5195,0,449,1,1
5196,0,333,1,1
5197,0,329,1,1
5198,0,302,1,1
5199,0,292,1,1
5200,0,298,1,1
5201,0,309,1,1
5202,0,388,1,1
5203,0,394,1,1
5204,0,364,1,1
5205,0,358,1,1
5206,0,313,1,1
5207,0,318,1,1
5208,0,302,1,1
5209,0,245,1,1
5210,0,57,1,1
5211,0,76,1,1
5212,0,126,1,1
5213,0,176,1,1
5214,0,381,1,1
5215,0,316,1,1
5216,0,376,1,1
5217,0,425,1,1
5218,0,513,1,1
5219,0,499,1,1
5220,0,460,1,1
5221,0,427,1,1
5222,0,398,1,1
5223,0,336,1,1
5224,0,335,1,1
5225,0,310,1,1
5226,0,311,1,1
5227,0,294,1,1
5228,0,296,1,1
5229,0,312,1,1
5230,0,297,1,1
5231,0,282,1,1
5232,0,322,1,1
5233,0,316,1,1
5234,0,353,1,1
5235,0,363,1,1
5236,0,418,1,1
5237,0,371,1,1
5238,0,368,1,1
5239,0,315,1,1
5240,0,364,1,1
5241,0,410,1,1
5242,0,412,1,1
5243,0,415,1,1
5244,0,462,1,1
5245,0,470,1,1
5246,0,477,1,1
5247,0,461,1,1
5248,0,498,1,1
5249,0,433,1,1
5250,0,509,1,1
5251,0,515,1,1
5252,0,503,1,1
5253,0,537,1,1
5254,0,627,1,1
5255,0,657,1,1
5256,0,626,1,1
5257,0,591,1,1
5258,0,622,1,1
5259,0,688,1,1
5260,0,566,1,1
5261,0,428,1,1
5262,0,141,1,1
5263,0,74,1,1
5264,0,151,1,1
5265,0,310,1,1
5266,0,457,1,1
5267,0,438,1,1
5268,0,445,1,1
5269,0,424,1,1
5270,0,350,1,1
5271,0,342,1,1
5272,0,388,1,1
5273,0,412,1,1
5274,0,411,1,1
5275,0,447,1,1
5276,0,435,1,1
5277,0,405,1,1
5278,0,423,1,1
5279,0,460,1,1
5280,0,442,1,1
5281,0,322,1,1
5282,0,70,1,1
5283,0,102,1,1
5284,0,141,1,1
5285,0,166,1,1
5286,0,251,1,1
5287,0,298,1,1
5288,0,311,1,1
5289,0,340,1,1
5290,0,472,1,1
5291,0,460,1,1
5292,0,484,1,1
5293,0,419,1,1
5294,0,420,1,1
5295,0,317,1,1
5296,0,366,1,1
5297,0,322,1,1
5298,0,315,1,1
5299,0,312,1,1
5300,0,307,1,1
5301,0,324,1,1
5302,0,323,1,1
5303,0,354,1,1
5304,0,327,1,1
5305,0,325,1,1
5306,0,368,1,1
5307,0,358,1,1
5308,0,398,1,1
5309,0,348,1,1
5310,0,283,1,1
5311,0,325,1,1
5312,0,406,1,1
5313,0,428,1,1
5314,0,423,1,1
5315,0,388,1,1
5316,0,449,1,1
5317,0,444,1,1
5318,0,450,1,1
5319,0,492,1,1
5320,0,506,1,1
5321,0,479,1,1
5322,0,540,1,1
5323,0,541,1,1
5324,0,504,1,1
5325,0,503,1,1
5326,0,676,1,1
5327,0,612,1,1
5328,0,618,1,1
5329,0,650,1,1
5330,0,607,1,1
5331,0,653,1,1
5332,0,676,1,1
5333,0,465,1,1
5334,0,197,1,1
5335,0,93,1,1
5336,0,186,1,1
5337,0,314,1,1
5338,0,477,1,1
5339,0,471,1,1
5340,0,434,1,1
5341,0,362,1,1
5342,0,362,1,1
5343,0,332,1,1
5344,0,400,1,1
5345,0,387,1,1
5346,0,454,1,1
5347,0,431,1,1
5348,0,388,1,1
5349,0,417,1,1
5350,0,443,1,1
5351,0,385,1,1
5352,0,350,1,1
5353,0,298,1,1
5354,0,227,1,1
5355,0,90,1,1
5356,0,144,1,1
5357,0,235,1,1
5358,0,264,1,1
5359,0,293,1,1
5360,0,383,1,1
5361,0,461,1,1
5362,0,484,1,1
5363,0,483,1,1
5364,0,453,1,1
5365,0,465,1,1
5366,0,456,1,1
5367,0,343,1,1
5368,0,352,1,1
5369,0,332,1,1
5370,0,322,1,1
5371,0,351,1,1
5372,0,340,1,1
5373,0,324,1,1
5374,0,314,1,1
5375,0,330,1,1
5376,0,327,1,1
5377,0,320,1,1
5378,0,372,1,1
5379,0,368,1,1
5380,0,447,1,1
5381,0,399,1,1
5382,0,266,1,1
5383,0,183,1,1
5384,0,328,1,1
5385,0,483,1,1
5386,0,468,1,1
5387,0,451,1,1
5388,0,506,1,1
5389,0,510,1,1
5390,0,553,1,1
5391,0,500,1,1
5392,0,541,1,1
5393,0,501,1,1
5394,0,482,1,1
5395,0,536,1,1
5396,0,550,1,1
5397,0,539,1,1
5398,0,611,1,1
5399,0,626,1,1
5400,0,671,1,1
5401,0,614,1,1
5402,0,602,1,1
5403,0,593,1,1
5404,0,673,1,1
5405,0,715,1,1
5406,0,251,1,1
5407,0,83,1,1
5408,0,176,1,1
5409,0,375,1,1
5410,0,497,1,1
5411,0,451,1,1
5412,0,469,1,1
5413,0,366,1,1
5414,0,343,1,1
5415,0,357,1,1
5416,0,414,1,1
5417,0,365,1,1
5418,0,403,1,1
5419,0,382,1,1
5420,0,407,1,1
5421,0,434,1,1
5422,0,467,1,1
5423,0,388,1,1
5424,0,380,1,1
5425,0,270,1,1
5426,0,45,1,1
5427,0,89,1,1
5428,0,110,1,1
5429,0,174,1,1
5430,0,92,1,1
5431,0,143,1,1
5432,0,171,1,1
5433,0,202,1,1
5434,0,207,1,1
5435,0,266,1,1
5436,0,289,1,1
5437,0,367,1,1
5438,0,325,1,1
5439,0,317,1,1
5440,0,360,1,1
5441,0,295,1,1
5442,0,260,1,1
5443,0,269,1,1
5444,0,293,1,1
5445,0,339,1,1
5446,0,329,1,1
5447,0,342,1,1
5448,0,379,1,1
5449,0,343,1,1
5450,0,353,1,1
5451,0,334,1,1
5452,0,440,1,1
5453,0,460,1,1
5454,0,402,1,1
5455,0,360,1,1
5456,0,500,1,1
5457,0,488,1,1
5458,0,418,1,1
5459,0,479,1,1
5460,0,498,1,1
5461,0,534,1,1
5462,0,539,1,1
5463,0,535,1,1
5464,0,530,1,1
5465,0,563,1,1
5466,0,518,1,1
5467,0,519,1,1
5468,0,494,1,1
5469,0,555,1,1
5470,0,558,1,1
5471,0,526,1,1
5472,0,605,1,1
5473,0,659,1,1
5474,0,616,1,1
5475,0,696,1,1
5476,0,732,1,1
5477,0,486,1,1
5478,0,209,1,1
5479,0,111,1,1
5480,0,173,1,1
5481,0,340,1,1
5482,0,448,1,1
5483,0,498,1,1
5484,0,454,1,1
5485,0,354,1,1
5486,0,373,1,1
5487,0,381,1,1
5488,0,360,1,1
5489,0,385,1,1
5490,0,377,1,1
5491,0,398,1,1
5492,0,368,1,1
5493,0,468,1,1
5494,0,485,1,1
5495,0,411,1,1
5496,0,398,1,1
5497,0,369,1,1
5498,0,28,1,1
5499,0,43,1,1
5500,0,79,1,1
5501,0,45,1,1
5502,0,36,1,1
5503,0,58,1,1
5504,0,89,1,1
5505,0,92,1,1
5506,0,88,1,1
5507,0,132,1,1
5508,0,130,1,1
5509,0,194,1,1
5510,0,151,1,1
5511,0,167,1,1
5512,0,178,1,1
5513,0,190,1,1
5514,0,132,1,1
5515,0,131,1,1
5516,0,196,1,1
5517,0,201,1,1
5518,0,203,1,1
5519,0,201,1,1
5520,0,204,1,1
5521,0,262,1,1
5522,0,267,1,1
5523,0,302,1,1
5524,0,318,1,1
5525,0,303,1,1
5526,0,321,1,1
5527,0,288,1,1
5528,0,367,1,1
5529,0,413,1,1
5530,0,423,1,1
5531,0,337,1,1
5532,0,406,1,1
5533,0,431,1,1
5534,0,408,1,1
5535,0,409,1,1
5536,0,430,1,1
5537,0,404,1,1
5538,0,462,1,1
5539,0,482,1,1
5540,0,396,1,1
5541,0,464,1,1
5542,0,482,1,1
5543,0,486,1,1
5544,0,452,1,1
5545,0,517,1,1
5546,0,490,1,1
5547,0,557,1,1
5548,0,579,1,1
5549,0,284,1,1
5550,0,172,1,1
5551,0,91,1,1
5552,0,131,1,1
5553,0,293,1,1
5554,0,367,1,1
5555,0,431,1,1
5556,0,385,1,1
5557,0,355,1,1
5558,0,395,1,1
5559,0,333,1,1
5560,0,383,1,1
5561,0,433,1,1
5562,0,386,1,1
5563,0,400,1,1
5564,0,381,1,1
5565,0,447,1,1
5566,0,439,1,1
5567,0,469,1,1
5568,0,357,1,1
5569,0,297,1,1
5570,0,68,1,1
5571,0,90,1,1
5572,0,144,1,1
5573,0,156,1,1
5574,0,275,1,1
5575,0,343,1,1
5576,0,349,1,1
5577,0,449,1,1
5578,0,592,1,1
5579,0,505,1,1
5580,0,530,1,1
5581,0,451,1,1
5582,0,449,1,1
5583,0,381,1,1
5584,0,330,1,1
5585,0,381,1,1
5586,0,368,1,1
5587,0,321,1,1
5588,0,391,1,1
5589,0,358,1,1
5590,0,350,1,1
5591,0,318,1,1
5592,0,348,1,1
5593,0,377,1,1
5594,0,373,1,1
5595,0,393,1,1
5596,0,412,1,1
5597,0,381,1,1
5598,0,342,1,1
5599,0,345,1,1
5600,0,390,1,1
5601,0,434,1,1
5602,0,477,1,1
5603,0,462,1,1
5604,0,456,1,1
5605,0,509,1,1
5606,0,544,1,1
5607,0,532,1,1
5608,0,514,1,1
5609,0,491,1,1
5610,0,538,1,1
5611,0,519,1,1
5612,0,512,1,1
5613,0,561,1,1
5614,0,586,1,1
5615,0,644,1,1
5616,0,695,1,1
5617,0,603,1,1
5618,0,621,1,1
5619,0,639,1,1
5620,0,691,1,1
5621,0,771,1,1
5622,0,171,1,1
5623,0,123,1,1
5624,0,146,1,1
5625,0,303,1,1
5626,0,473,1,1
5627,0,527,1,1
5628,0,470,1,1
5629,0,384,1,1
5630,0,373,1,1
5631,0,382,1,1
5632,0,410,1,1
5633,0,379,1,1
5634,0,428,1,1
5635,0,452,1,1
5636,0,477,1,1
5637,0,383,1,1
5638,0,356,1,1
5639,0,349,1,1
5640,0,310,1,1
5641,0,276,1,1
5642,0,164,1,1
5643,0,80,1,1
5644,0,125,1,1
5645,0,175,1,1
5646,0,240,1,1
5647,0,313,1,1
5648,0,320,1,1
5649,0,449,1,1
5650,0,533,1,1
5651,0,411,1,1
5652,0,434,1,1
5653,0,483,1,1
5654,0,434,1,1
5655,0,407,1,1
5656,0,331,1,1
5657,0,341,1,1
5658,0,284,1,1
5659,0,303,1,1
5660,0,296,1,1
5661,0,321,1,1
5662,0,315,1,1
5663,0,313,1,1
5664,0,306,1,1
5665,0,335,1,1
5666,0,349,1,1
5667,0,390,1,1
5668,0,411,1,1
5669,0,380,1,1
5670,0,337,1,1
5671,0,337,1,1
5672,0,379,1,1
5673,0,380,1,1
5674,0,459,1,1
5675,0,479,1,1
5676,0,477,1,1
5677,0,433,1,1
5678,0,488,1,1
5679,0,500,1,1
5680,0,475,1,1
5681,0,419,1,1
5682,0,500,1,1
5683,0,505,1,1
5684,0,529,1,1
5685,0,583,1,1
5686,0,574,1,1
5687,0,662,1,1
5688,0,620,1,1
5689,0,743,1,1
5690,0,658,1,1
5691,0,637,1,1
5692,0,681,1,1
5693,0,577,1,1
5694,0,239,1,1
5695,0,131,1,1
5696,0,149,1,1
5697,0,263,1,1
5698,0,433,1,1
5699,0,491,1,1
5700,0,453,1,1
5701,0,435,1,1
5702,0,405,1,1
5703,0,382,1,1
5704,0,379,1,1
5705,0,338,1,1
5706,0,428,1,1
5707,0,387,1,1
5708,0,406,1,1
5709,0,440,1,1
5710,0,417,1,1
5711,0,375,1,1
5712,0,330,1,1
5713,0,298,1,1
5714,0,82,1,1
5715,0,74,1,1
5716,0,122,1,1
5717,0,115,1,1
5718,0,245,1,1
5719,0,301,1,1
5720,0,404,1,1
5721,0,442,1,1
5722,0,536,1,1
5723,0,478,1,1
5724,0,425,1,1
5725,0,500,1,1
5726,0,463,1,1
5727,0,379,1,1
5728,0,345,1,1
5729,0,343,1,1
5730,0,300,1,1
5731,0,295,1,1
5732,0,315,1,1
5733,0,338,1,1
5734,0,338,1,1
5735,0,327,1,1
5736,0,326,1,1
5737,0,372,1,1
5738,0,394,1,1
5739,0,351,1,1
5740,0,459,1,1
5741,0,360,1,1
5742,0,362,1,1
5743,0,342,1,1
5744,0,374,1,1
5745,0,381,1,1
5746,0,373,1,1
5747,0,427,1,1
5748,0,395,1,1
5749,0,456,1,1
5750,0,497,1,1
5751,0,483,1,1
5752,0,469,1,1
5753,0,471,1,1
5754,0,518,1,1
5755,0,511,1,1
5756,0,489,1,1
5757,0,645,1,1
5758,0,655,1,1
5759,0,633,1,1
5760,0,625,1,1
5761,0,700,1,1
5762,0,596,1,1
5763,0,576,1,1
5764,0,690,1,1
5765,0,679,1,1
5766,0,347,1,1
5767,0,131,1,1
5768,0,166,1,1
5769,0,330,1,1
5770,0,522,1,1
5771,0,538,1,1
5772,0,452,1,1
5773,0,386,1,1
5774,0,383,1,1
5775,0,356,1,1
5776,0,409,1,1
5777,0,397,1,1
5778,0,386,1,1
5779,0,417,1,1
5780,0,374,1,1
5781,0,394,1,1
5782,0,437,1,1
5783,0,355,1,1
5784,0,318,1,1
5785,0,275,1,1
5786,0,63,1,1
5787,0,81,1,1
5788,0,107,1,1
5789,0,148,1,1
5790,0,231,1,1
5791,0,306,1,1
5792,0,381,1,1
5793,0,434,1,1
5794,0,492,1,1
5795,0,439,1,1
5796,0,438,1,1
5797,0,486,1,1
5798,0,434,1,1
5799,0,370,1,1
5800,0,338,1,1
5801,0,290,1,1
5802,0,319,1,1
5803,0,293,1,1
5804,0,319,1,1
5805,0,254,1,1
5806,0,311,1,1
5807,0,324,1,1
5808,0,329,1,1
5809,0,311,1,1
5810,0,323,1,1
5811,0,382,1,1
5812,0,379,1,1
5813,0,379,1,1
5814,0,371,1,1
5815,0,298,1,1
5816,0,419,1,1
5817,0,373,1,1
5818,0,417,1,1
5819,0,396,1,1
5820,0,451,1,1
5821,0,433,1,1
5822,0,493,1,1
5823,0,480,1,1
5824,0,511,1,1
5825,0,495,1,1
5826,0,502,1,1
5827,0,486,1,1
5828,0,532,1,1
5829,0,534,1,1
5830,0,612,1,1
5831,0,607,1,1
5832,0,544,1,1
5833,0,590,1,1
5834,0,614,1,1
5835,0,598,1,1
5836,0,684,1,1
5837,0,705,1,1
5838,0,223,1,1
5839,0,92,1,1
5840,0,93,1,1
5841,0,251,1,1
5842,0,390,1,1
5843,0,438,1,1
5844,0,379,1,1
5845,0,364,1,1
5846,0,335,1,1
5847,0,282,1,1
5848,0,322,1,1
5849,0,294,1,1
5850,0,316,1,1
5851,0,308,1,1
5852,0,330,1,1
5853,0,301,1,1
5854,0,324,1,1
5855,0,281,1,1
5856,0,289,1,1
5857,0,241,1,1
5858,0,54,1,1
5859,0,78,1,1
5860,0,88,1,1
5861,0,257,1,1
5862,0,256,1,1
5863,0,286,1,1
5864,0,350,1,1
5865,0,429,1,1
5866,0,483,1,1
5867,0,472,1,1
5868,0,495,1,1
5869,0,410,1,1
5870,0,431,1,1
5871,0,351,1,1
5872,0,328,1,1
5873,0,304,1,1
5874,0,271,1,1
5875,0,297,1,1
5876,0,302,1,1
5877,0,312,1,1
5878,0,318,1,1
5879,0,349,1,1
5880,0,364,1,1
5881,0,326,1,1
5882,0,381,1,1
5883,0,352,1,1
5884,0,424,1,1
5885,0,393,1,1
5886,0,241,1,1
5887,0,225,1,1
5888,0,284,1,1
5889,0,439,1,1
5890,0,421,1,1
5891,0,513,1,1
5892,0,475,1,1
5893,0,533,1,1
5894,0,506,1,1
5895,0,534,1,1
5896,0,513,1,1
5897,0,519,1,1
5898,0,508,1,1
5899,0,548,1,1
5900,0,512,1,1
5901,0,543,1,1
5902,0,573,1,1
5903,0,540,1,1
5904,0,660,1,1
5905,0,656,1,1
5906,0,604,1,1
5907,0,662,1,1
5908,0,670,1,1
5909,0,630,1,1
5910,0,185,1,1
5911,0,26,1,1
5912,0,0,1,1
5913,0,0,1,1
5914,0,478,1,1
5915,0,391,1,1
5916,0,427,1,1
5917,0,360,1,1
5918,0,182,1,1
5919,0,365,1,1
5920,0,308,1,1
5921,0,304,1,1
5922,0,318,1,1
5923,0,327,1,1
5924,0,340,1,1
5925,0,328,1,1
5926,0,397,1,1
5927,0,316,1,1
5928,0,307,1,1
5929,0,282,1,1
5930,0,32,1,1
5931,0,60,1,1
5932,0,83,1,1
5933,0,274,1,1
5934,0,94,1,1
5935,0,139,1,1
5936,0,152,1,1
5937,0,199,1,1
5938,0,223,1,1
5939,0,276,1,1
5940,0,258,1,1
5941,0,348,1,1
5942,0,241,1,1
5943,0,259,1,1
5944,0,260,1,1
5945,0,275,1,1
5946,0,272,1,1
5947,0,228,1,1
5948,0,269,1,1
5949,0,252,1,1
5950,0,279,1,1
5951,0,308,1,1
5952,0,330,1,1
5953,0,343,1,1
5954,0,372,1,1
5955,0,423,1,1
5956,0,374,1,1
5957,0,417,1,1
5958,0,414,1,1
5959,0,375,1,1
5960,0,404,1,1
5961,0,453,1,1
5962,0,420,1,1
5963,0,484,1,1
5964,0,484,1,1
5965,0,491,1,1
5966,0,523,1,1
5967,0,431,1,1
5968,0,484,1,1
5969,0,496,1,1
5970,0,542,1,1
5971,0,526,1,1
5972,0,539,1,1
5973,0,503,1,1
5974,0,528,1,1
5975,0,558,1,1
5976,0,563,1,1
5977,0,650,1,1
5978,0,611,1,1
5979,0,632,1,1
5980,0,721,1,1
5981,0,645,1,1
5982,0,218,1,1
5983,0,79,1,1
5984,0,80,1,1
5985,0,231,1,1
5986,0,300,1,1
5987,0,382,1,1
5988,0,375,1,1
5989,0,372,1,1
5990,0,308,1,1
5991,0,318,1,1
5992,0,352,1,1
5993,0,335,1,1
5994,0,342,1,1
5995,0,363,1,1
5996,0,400,1,1
5997,0,389,1,1
5998,0,392,1,1
5999,0,396,1,1
6000,0,353,1,1
6001,0,300,1,1
6002,0,34,1,1
6003,0,52,1,1
6004,0,35,1,1
6005,0,30,1,1
6006,0,57,1,1
6007,0,57,1,1
6008,0,65,1,1
6009,0,65,1,1
6010,0,86,1,1
6011,0,77,1,1
6012,0,97,1,1
6013,0,136,1,1
6014,0,126,1,1
6015,0,135,1,1
6016,0,136,1,1
6017,0,137,1,1
6018,0,126,1,1
6019,0,115,1,1
6020,0,154,1,1
6021,0,158,1,1
6022,0,177,1,1
6023,0,170,1,1
6024,0,190,1,1
6025,0,200,1,1
6026,0,227,1,1
6027,0,234,1,1
6028,0,278,1,1
6029,0,303,1,1
6030,0,315,1,1
6031,0,331,1,1
6032,0,365,1,1
6033,0,343,1,1
6034,0,441,1,1
6035,0,379,1,1
6036,0,403,1,1
6037,0,442,1,1
6038,0,443,1,1
6039,0,447,1,1
6040,0,445,1,1
6041,0,455,1,1
6042,0,455,1,1
6043,0,510,1,1
6044,0,416,1,1
6045,0,472,1,1
6046,0,473,1,1
6047,0,534,1,1
6048,0,518,1,1
6049,0,536,1,1
6050,0,502,1,1
6051,0,500,1,1
6052,0,671,1,1
6053,0,555,1,1
6054,0,241,1,1
6055,0,96,1,1
6056,0,103,1,1
6057,0,241,1,1
6058,0,340,1,1
6059,0,390,1,1
6060,0,349,1,1
6061,0,349,1,1
6062,0,318,1,1
6063,0,327,1,1
6064,0,372,1,1
6065,0,350,1,1
6066,0,394,1,1
6067,0,408,1,1
6068,0,379,1,1
6069,0,400,1,1
6070,0,403,1,1
6071,0,306,1,1
6072,0,339,1,1
6073,0,272,1,1
6074,0,48,1,1
6075,0,83,1,1
6076,0,103,1,1
6077,0,143,1,1
6078,0,278,1,1
6079,0,332,1,1
6080,0,318,1,1
6081,0,464,1,1
6082,0,524,1,1
6083,0,512,1,1
6084,0,463,1,1
6085,0,469,1,1
6086,0,427,1,1
6087,0,312,1,1
6088,0,308,1,1
6089,0,342,1,1
6090,0,310,1,1
6091,0,312,1,1
6092,0,337,1,1
6093,0,312,1,1
6094,0,299,1,1
6095,0,313,1,1
6096,0,318,1,1
6097,0,376,1,1
6098,0,340,1,1
6099,0,399,1,1
6100,0,402,1,1
6101,0,319,1,1
6102,0,335,1,1
6103,0,354,1,1
6104,0,416,1,1
6105,0,430,1,1
6106,0,393,1,1
6107,0,411,1,1
6108,0,446,1,1
6109,0,485,1,1
6110,0,457,1,1
6111,0,496,1,1
6112,0,455,1,1
6113,0,473,1,1
6114,0,505,1,1
6115,0,510,1,1
6116,0,447,1,1
6117,0,535,1,1
6118,0,541,1,1
6119,0,563,1,1
6120,0,573,1,1
6121,0,562,1,1
6122,0,599,1,1
6123,0,625,1,1
6124,0,617,1,1
6125,0,565,1,1
6126,0,301,1,1
6127,0,109,1,1
6128,0,112,1,1
6129,0,246,1,1
6130,0,432,1,1
6131,0,453,1,1
6132,0,465,1,1
6133,0,437,1,1
6134,0,362,1,1
6135,0,354,1,1
6136,0,365,1,1
6137,0,383,1,1
6138,0,423,1,1
6139,0,394,1,1
6140,0,423,1,1
6141,0,382,1,1
6142,0,450,1,1
6143,0,369,1,1
6144,0,327,1,1
6145,0,284,1,1
6146,0,111,1,1
6147,0,165,1,1
6148,0,383,1,1
6149,0,166,1,1
6150,0,240,1,1
6151,0,298,1,1
6152,0,374,1,1
6153,0,430,1,1
6154,0,510,1,1
6155,0,464,1,1
6156,0,459,1,1
6157,0,469,1,1
6158,0,422,1,1
6159,0,341,1,1
6160,0,326,1,1
6161,0,329,1,1
6162,0,296,1,1
6163,0,295,1,1
6164,0,317,1,1
6165,0,320,1,1
6166,0,332,1,1
6167,0,276,1,1
6168,0,325,1,1
6169,0,324,1,1
6170,0,305,1,1
6171,0,387,1,1
6172,0,400,1,1
6173,0,348,1,1
6174,0,332,1,1
6175,0,355,1,1
6176,0,389,1,1
6177,0,416,1,1
6178,0,396,1,1
6179,0,413,1,1
6180,0,510,1,1
6181,0,445,1,1
6182,0,496,1,1
6183,0,453,1,1
6184,0,494,1,1
6185,0,458,1,1
6186,0,503,1,1
6187,0,484,1,1
6188,0,491,1,1
6189,0,526,1,1
6190,0,639,1,1
6191,0,628,1,1
6192,0,613,1,1
6193,0,676,1,1
6194,0,681,1,1
6195,0,668,1,1
6196,0,685,1,1
6197,0,653,1,1
6198,0,360,1,1
6199,0,129,1,1
6200,0,73,1,1
6201,0,242,1,1
6202,0,346,1,1
6203,0,452,1,1
6204,0,452,1,1
6205,0,451,1,1
6206,0,345,1,1
6207,0,370,1,1
6208,0,344,1,1
6209,0,310,1,1
6210,0,358,1,1
6211,0,390,1,1
6212,0,406,1,1
6213,0,409,1,1
6214,0,367,1,1
6215,0,343,1,1
6216,0,305,1,1
6217,0,259,1,1
6218,0,188,1,1
6219,0,109,1,1
6220,0,130,1,1
6221,0,139,1,1
6222,0,207,1,1
6223,0,312,1,1
6224,0,417,1,1
6225,0,449,1,1
6226,0,505,1,1
6227,0,446,1,1
6228,0,447,1,1
6229,0,474,1,1
6230,0,395,1,1
6231,0,307,1,1
6232,0,328,1,1
6233,0,290,1,1
6234,0,290,1,1
6235,0,301,1,1
6236,0,286,1,1
6237,0,288,1,1
6238,0,286,1,1
6239,0,275,1,1
6240,0,305,1,1
6241,0,302,1,1
6242,0,375,1,1
6243,0,406,1,1
6244,0,368,1,1
6245,0,371,1,1
6246,0,339,1,1
6247,0,353,1,1
6248,0,361,1,1
6249,0,412,1,1
6250,0,379,1,1
6251,0,411,1,1
6252,0,409,1,1
6253,0,443,1,1
6254,0,484,1,1
6255,0,465,1,1
6256,0,430,1,1
6257,0,443,1,1
6258,0,500,1,1
6259,0,496,1,1
6260,0,553,1,1
6261,0,523,1,1
6262,0,648,1,1
6263,0,519,1,1
6264,0,592,1,1
6265,0,683,1,1
6266,0,638,1,1
6267,0,581,1,1
6268,0,668,1,1
6269,0,678,1,1
6270,0,370,1,1
6271,0,140,1,1
6272,0,125,1,1
6273,0,248,1,1
6274,0,356,1,1
6275,0,463,1,1
6276,0,464,1,1
6277,0,426,1,1
6278,0,322,1,1
6279,0,349,1,1
6280,0,334,1,1
6281,0,332,1,1
6282,0,377,1,1
6283,0,434,1,1
6284,0,402,1,1
6285,0,429,1,1
6286,0,372,1,1
6287,0,392,1,1
6288,0,353,1,1
6289,0,320,1,1
6290,0,70,1,1
6291,0,103,1,1
6292,0,147,1,1
6293,0,145,1,1
6294,0,229,1,1
6295,0,285,1,1
6296,0,370,1,1
6297,0,492,1,1
6298,0,517,1,1
6299,0,508,1,1
6300,0,432,1,1
6301,0,492,1,1
6302,0,410,1,1
6303,0,359,1,1
6304,0,309,1,1
6305,0,362,1,1
6306,0,289,1,1
6307,0,344,1,1
6308,0,328,1,1
6309,0,282,1,1
6310,0,300,1,1
6311,0,261,1,1
6312,0,292,1,1
6313,0,345,1,1
6314,0,365,1,1
6315,0,427,1,1
6316,0,409,1,1
6317,0,390,1,1
6318,0,363,1,1
6319,0,361,1,1
6320,0,392,1,1
6321,0,377,1,1
6322,0,388,1,1
6323,0,482,1,1
6324,0,432,1,1
6325,0,426,1,1
6326,0,502,1,1
6327,0,541,1,1
6328,0,475,1,1
6329,0,471,1,1
6330,0,503,1,1
6331,0,507,1,1
6332,0,487,1,1
6333,0,595,1,1
6334,0,607,1,1
6335,0,642,1,1
6336,0,639,1,1
6337,0,657,1,1
6338,0,658,1,1
6339,0,634,1,1
6340,0,651,1,1
6341,0,695,1,1
6342,0,509,1,1
6343,0,166,1,1
6344,0,76,1,1
6345,0,275,1,1
6346,0,399,1,1
6347,0,425,1,1
6348,0,450,1,1
6349,0,414,1,1
6350,0,329,1,1
6351,0,328,1,1
6352,0,359,1,1
6353,0,343,1,1
6354,0,357,1,1
6355,0,412,1,1
6356,0,357,1,1
6357,0,431,1,1
6358,0,366,1,1
6359,0,352,1,1
6360,0,323,1,1
6361,0,300,1,1
6362,0,246,1,1
6363,0,64,1,1
6364,0,88,1,1
6365,0,122,1,1
6366,0,239,1,1
6367,0,285,1,1
6368,0,362,1,1
6369,0,456,1,1
6370,0,467,1,1
6371,0,453,1,1
6372,0,430,1,1
6373,0,437,1,1
6374,0,401,1,1
6375,0,347,1,1
6376,0,317,1,1
6377,0,295,1,1
6378,0,287,1,1
6379,0,282,1,1
6380,0,314,1,1
6381,0,331,1,1
6382,0,303,1,1
6383,0,348,1,1
6384,0,336,1,1
6385,0,320,1,1
6386,0,343,1,1
6387,0,370,1,1
6388,0,423,1,1
6389,0,322,1,1
6390,0,249,1,1
6391,0,199,1,1
6392,0,345,1,1
6393,0,449,1,1
6394,0,462,1,1
6395,0,479,1,1
6396,0,493,1,1
6397,0,557,1,1
6398,0,535,1,1
6399,0,540,1,1
6400,0,594,1,1
6401,0,453,1,1
6402,0,516,1,1
6403,0,548,1,1
6404,0,583,1,1
6405,0,521,1,1
6406,0,591,1,1
6407,0,621,1,1
6408,0,669,1,1
6409,0,658,1,1
6410,0,598,1,1
6411,0,609,1,1
6412,0,651,1,1
6413,0,688,1,1
6414,0,478,1,1
6415,0,222,1,1
6416,0,80,1,1
6417,0,235,1,1
6418,0,357,1,1
6419,0,474,1,1
6420,0,442,1,1
6421,0,394,1,1
6422,0,359,1,1
6423,0,338,1,1
6424,0,369,1,1
6425,0,322,1,1
6426,0,358,1,1
6427,0,399,1,1
6428,0,384,1,1
6429,0,439,1,1
6430,0,421,1,1
6431,0,403,1,1
6432,0,401,1,1
6433,0,330,1,1
6434,0,35,1,1
6435,0,75,1,1
6436,0,42,1,1
6437,0,80,1,1
6438,0,88,1,1
6439,0,118,1,1
6440,0,169,1,1
6441,0,232,1,1
6442,0,222,1,1
6443,0,270,1,1
6444,0,249,1,1
6445,0,306,1,1
6446,0,294,1,1
6447,0,246,1,1
6448,0,233,1,1
6449,0,260,1,1
6450,0,258,1,1
6451,0,299,1,1
6452,0,255,1,1
6453,0,316,1,1
6454,0,297,1,1
6455,0,284,1,1
6456,0,320,1,1
6457,0,362,1,1
6458,0,355,1,1
6459,0,373,1,1
6460,0,439,1,1
6461,0,432,1,1
6462,0,397,1,1
6463,0,439,1,1
6464,0,438,1,1
6465,0,465,1,1
6466,0,472,1,1
6467,0,477,1,1
6468,0,473,1,1
6469,0,493,1,1
6470,0,486,1,1
6471,0,484,1,1
6472,0,447,1,1
6473,0,491,1,1
6474,0,563,1,1
6475,0,501,1,1
6476,0,517,1,1
6477,0,513,1,1
6478,0,566,1,1
6479,0,533,1,1
6480,0,587,1,1
6481,0,583,1,1
6482,0,600,1,1
6483,0,590,1,1
6484,0,652,1,1
6485,0,636,1,1
6486,0,655,1,1
6487,0,210,1,1
6488,0,117,1,1
6489,0,195,1,1
6490,0,378,1,1
6491,0,442,1,1
6492,0,498,1,1
6493,0,425,1,1
6494,0,406,1,1
6495,0,344,1,1
6496,0,355,1,1
6497,0,358,1,1
6498,0,389,1,1
6499,0,435,1,1
6500,0,406,1,1
6501,0,419,1,1
6502,0,435,1,1
6503,0,475,1,1
6504,0,413,1,1
6505,0,381,1,1
6506,0,95,1,1
6507,0,110,1,1
6508,0,142,1,1
6509,0,51,1,1
6510,0,34,1,1
6511,0,54,1,1
6512,0,73,1,1
6513,0,48,1,1
6514,0,57,1,1
6515,0,104,1,1
6516,0,119,1,1
6517,0,111,1,1
6518,0,104,1,1
6519,0,117,1,1
6520,0,122,1,1
6521,0,150,1,1
6522,0,128,1,1
6523,0,127,1,1
6524,0,162,1,1
6525,0,184,1,1
6526,0,208,1,1
6527,0,216,1,1
6528,0,229,1,1
6529,0,264,1,1
6530,0,263,1,1
6531,0,290,1,1
6532,0,292,1,1
6533,0,301,1,1
6534,0,366,1,1
6535,0,330,1,1
6536,0,354,1,1
6537,0,384,1,1
6538,0,424,1,1
6539,0,458,1,1
6540,0,464,1,1
6541,0,426,1,1
6542,0,451,1,1
6543,0,503,1,1
6544,0,510,1,1
6545,0,492,1,1
6546,0,461,1,1
6547,0,504,1,1
6548,0,487,1,1
6549,0,430,1,1
6550,0,466,1,1
6551,0,452,1,1
6552,0,423,1,1
6553,0,442,1,1
6554,0,432,1,1
6555,0,416,1,1
6556,0,496,1,1
6557,0,502,1,1
6558,0,255,1,1
6559,0,130,1,1
6560,0,82,1,1
6561,0,144,1,1
6562,0,306,1,1
6563,0,365,1,1
6564,0,365,1,1
6565,0,321,1,1
6566,0,340,1,1
6567,0,342,1,1
6568,0,330,1,1
6569,0,369,1,1
6570,0,368,1,1
6571,0,413,1,1
6572,0,395,1,1
6573,0,439,1,1
6574,0,377,1,1
6575,0,408,1,1
6576,0,326,1,1
6577,0,302,1,1
6578,0,166,1,1
6579,0,92,1,1
6580,0,60,1,1
6581,0,111,1,1
6582,0,210,1,1
6583,0,224,1,1
6584,0,294,1,1
6585,0,343,1,1
6586,0,354,1,1
6587,0,322,1,1
6588,0,329,1,1
6589,0,311,1,1
6590,0,325,1,1
6591,0,263,1,1
6592,0,278,1,1
6593,0,282,1,1
6594,0,292,1,1
6595,0,330,1,1
6596,0,292,1,1
6597,0,369,1,1
6598,0,340,1,1
6599,0,304,1,1
6600,0,329,1,1
6601,0,342,1,1
6602,0,326,1,1
6603,0,333,1,1
6604,0,325,1,1
6605,0,324,1,1
6606,0,336,1,1
6607,0,347,1,1
6608,0,375,1,1
6609,0,377,1,1
6610,0,450,1,1
6611,0,440,1,1
6612,0,415,1,1
6613,0,445,1,1
6614,0,442,1,1
6615,0,440,1,1
6616,0,393,1,1
6617,0,465,1,1
6618,0,401,1,1
6619,0,457,1,1
6620,0,453,1,1
6621,0,500,1,1
6622,0,624,1,1
6623,0,497,1,1
6624,0,544,1,1
6625,0,649,1,1
6626,0,540,1,1
6627,0,634,1,1
6628,0,651,1,1
6629,0,672,1,1
6630,0,522,1,1
6631,0,258,1,1
6632,0,88,1,1
6633,0,209,1,1
6634,0,354,1,1
6635,0,439,1,1
6636,0,436,1,1
6637,0,375,1,1
6638,0,387,1,1
6639,0,331,1,1
6640,0,342,1,1
6641,0,322,1,1
6642,0,367,1,1
6643,0,388,1,1
6644,0,375,1,1
6645,0,392,1,1
6646,0,383,1,1
6647,0,354,1,1
6648,0,323,1,1
6649,0,320,1,1
6650,0,336,1,1
6651,0,82,1,1
6652,0,159,1,1
6653,0,106,1,1
6654,0,242,1,1
6655,0,324,1,1
6656,0,371,1,1
6657,0,494,1,1
6658,0,517,1,1
6659,0,468,1,1
6660,0,421,1,1
6661,0,468,1,1
6662,0,427,1,1
6663,0,306,1,1
6664,0,333,1,1
6665,0,362,1,1
6666,0,299,1,1
6667,0,267,1,1
6668,0,326,1,1
6669,0,332,1,1
6670,0,335,1,1
6671,0,291,1,1
6672,0,299,1,1
6673,0,313,1,1
6674,0,344,1,1
6675,0,381,1,1
6676,0,410,1,1
6677,0,364,1,1
6678,0,334,1,1
6679,0,318,1,1
6680,0,405,1,1
6681,0,398,1,1
6682,0,414,1,1
6683,0,394,1,1
6684,0,497,1,1
6685,0,445,1,1
6686,0,472,1,1
6687,0,495,1,1
6688,0,499,1,1
6689,0,464,1,1
6690,0,546,1,1
6691,0,544,1,1
6692,0,552,1,1
6693,0,599,1,1
6694,0,632,1,1
6695,0,542,1,1
6696,0,638,1,1
6697,0,609,1,1
6698,0,599,1,1
6699,0,592,1,1
6700,0,620,1,1
6701,0,674,1,1
6702,0,480,1,1
6703,0,247,1,1
6704,0,122,1,1
6705,0,201,1,1
6706,0,348,1,1
6707,0,441,1,1
6708,0,489,1,1
6709,0,427,1,1
6710,0,365,1,1
6711,0,363,1,1
6712,0,307,1,1
6713,0,350,1,1
6714,0,358,1,1
6715,0,390,1,1
6716,0,379,1,1
6717,0,416,1,1
6718,0,393,1,1
6719,0,395,1,1
6720,0,340,1,1
6721,0,317,1,1
6722,0,235,1,1
6723,0,97,1,1
6724,0,220,1,1
6725,0,115,1,1
6726,0,239,1,1
6727,0,271,1,1
6728,0,373,1,1
6729,0,512,1,1
6730,0,478,1,1
6731,0,464,1,1
6732,0,471,1,1
6733,0,434,1,1
6734,0,409,1,1
6735,0,407,1,1
6736,0,333,1,1
6737,0,335,1,1
6738,0,291,1,1
6739,0,327,1,1
6740,0,316,1,1
6741,0,320,1,1
6742,0,302,1,1
6743,0,303,1,1
6744,0,322,1,1
6745,0,323,1,1
6746,0,357,1,1
6747,0,362,1,1
6748,0,415,1,1
6749,0,412,1,1
6750,0,368,1,1
6751,0,344,1,1
6752,0,389,1,1
6753,0,398,1,1
6754,0,396,1,1
6755,0,419,1,1
6756,0,444,1,1
6757,0,481,1,1
6758,0,469,1,1
6759,0,489,1,1
6760,0,439,1,1
6761,0,479,1,1
6762,0,468,1,1
6763,0,551,1,1
6764,0,496,1,1
6765,0,540,1,1
6766,0,639,1,1
6767,0,523,1,1
6768,0,568,1,1
6769,0,627,1,1
6770,0,645,1,1
6771,0,587,1,1
6772,0,624,1,1
6773,0,647,1,1
6774,0,741,1,1
6775,0,255,1,1
6776,0,123,1,1
6777,0,182,1,1
6778,0,326,1,1
6779,0,471,1,1
6780,0,477,1,1
6781,0,467,1,1
6782,0,422,1,1
6783,0,354,1,1
6784,0,390,1,1
6785,0,407,1,1
6786,0,371,1,1
6787,0,384,1,1
6788,0,394,1,1
6789,0,424,1,1
6790,0,393,1,1
6791,0,441,1,1
6792,0,419,1,1
6793,0,316,1,1
6794,0,59,1,1
6795,0,199,1,1
6796,0,60,1,1
6797,0,113,1,1
6798,0,231,1,1
6799,0,306,1,1
6800,0,383,1,1
6801,0,420,1,1
6802,0,470,1,1
6803,0,462,1,1
6804,0,400,1,1
6805,0,390,1,1
6806,0,442,1,1
6807,0,327,1,1
6808,0,330,1,1
6809,0,336,1,1
6810,0,302,1,1
6811,0,319,1,1
6812,0,285,1,1
6813,0,340,1,1
6814,0,345,1,1
6815,0,325,1,1
6816,0,377,1,1
6817,0,359,1,1
6818,0,365,1,1
6819,0,410,1,1
6820,0,401,1,1
6821,0,386,1,1
6822,0,346,1,1
6823,0,330,1,1
6824,0,416,1,1
6825,0,395,1,1
6826,0,384,1,1
6827,0,412,1,1
6828,0,494,1,1
6829,0,468,1,1
6830,0,519,1,1
6831,0,467,1,1
6832,0,470,1,1
6833,0,450,1,1
6834,0,510,1,1
6835,0,556,1,1
6836,0,527,1,1
6837,0,593,1,1
6838,0,653,1,1
6839,0,602,1,1
6840,0,618,1,1
6841,0,635,1,1
6842,0,600,1,1
6843,0,559,1,1
6844,0,588,1,1
6845,0,707,1,1
6846,0,749,1,1
6847,0,247,1,1
6848,0,108,1,1
6849,0,196,1,1
6850,0,375,1,1
6851,0,462,1,1
6852,0,517,1,1
6853,0,481,1,1
6854,0,434,1,1
6855,0,407,1,1
6856,0,360,1,1
6857,0,392,1,1
6858,0,440,1,1
6859,0,414,1,1
6860,0,428,1,1
6861,0,466,1,1
6862,0,427,1,1
6863,0,451,1,1
6864,0,388,1,1
6865,0,296,1,1
6866,0,216,1,1
6867,0,62,1,1
6868,0,77,1,1
6869,0,122,1,1
6870,0,227,1,1
6871,0,265,1,1
6872,0,358,1,1
6873,0,439,1,1
6874,0,474,1,1
6875,0,447,1,1
6876,0,403,1,1
6877,0,442,1,1
6878,0,428,1,1
6879,0,349,1,1
6880,0,360,1,1
6881,0,351,1,1
6882,0,365,1,1
6883,0,312,1,1
6884,0,324,1,1
6885,0,330,1,1
6886,0,319,1,1
6887,0,394,1,1
6888,0,345,1,1
6889,0,347,1,1
6890,0,362,1,1
6891,0,438,1,1
6892,0,453,1,1
6893,0,413,1,1
6894,0,271,1,1
6895,0,216,1,1
6896,0,356,1,1
6897,0,448,1,1
6898,0,487,1,1
6899,0,477,1,1
6900,0,550,1,1
6901,0,532,1,1
6902,0,511,1,1
6903,0,575,1,1
6904,0,482,1,1
6905,0,593,1,1
6906,0,513,1,1
6907,0,615,1,1
6908,0,571,1,1
6909,0,537,1,1
6910,0,658,1,1
6911,0,513,1,1
6912,0,609,1,1
6913,0,676,1,1
6914,0,596,1,1
6915,0,578,1,1
6916,0,626,1,1
6917,0,624,1,1
6918,0,571,1,1
6919,0,320,1,1
6920,0,176,1,1
6921,0,145,1,1
6922,0,342,1,1
6923,0,486,1,1
6924,0,485,1,1
6925,0,425,1,1
6926,0,298,1,1
6927,0,303,1,1
6928,0,322,1,1
6929,0,372,1,1
6930,0,353,1,1
6931,0,371,1,1
6932,0,408,1,1
6933,0,390,1,1
6934,0,444,1,1
6935,0,436,1,1
6936,0,421,1,1
6937,0,371,1,1
6938,0,145,1,1
6939,0,57,1,1
6940,0,43,1,1
6941,0,68,1,1
6942,0,96,1,1
6943,0,130,1,1
6944,0,186,1,1
6945,0,193,1,1
6946,0,227,1,1
6947,0,206,1,1
6948,0,299,1,1
6949,0,289,1,1
6950,0,287,1,1
6951,0,240,1,1
6952,0,313,1,1
6953,0,324,1,1
6954,0,287,1,1
6955,0,282,1,1
6956,0,305,1,1
6957,0,344,1,1
6958,0,340,1,1
6959,0,313,1,1
6960,0,398,1,1
6961,0,361,1,1
6962,0,361,1,1
6963,0,381,1,1
6964,0,434,1,1
6965,0,410,1,1
6966,0,421,1,1
6967,0,401,1,1
6968,0,481,1,1
6969,0,499,1,1
6970,0,486,1,1
6971,0,488,1,1
6972,0,476,1,1
6973,0,496,1,1
6974,0,437,1,1
6975,0,533,1,1
6976,0,482,1,1
6977,0,486,1,1
6978,0,521,1,1
6979,0,569,1,1
6980,0,447,1,1
6981,0,487,1,1
6982,0,520,1,1
6983,0,562,1,1
6984,0,592,1,1
6985,0,592,1,1
6986,0,642,1,1
6987,0,546,1,1
6988,0,576,1,1
6989,0,591,1,1
6990,0,560,1,1
6991,0,195,1,1
6992,0,137,1,1
6993,0,173,1,1
6994,0,348,1,1
6995,0,416,1,1
6996,0,513,1,1
6997,0,484,1,1
6998,0,483,1,1
6999,0,413,1,1
7000,0,411,1,1
7001,0,390,1,1
7002,0,451,1,1
7003,0,484,1,1
7004,0,405,1,1
7005,0,469,1,1
7006,0,443,1,1
7007,0,429,1,1
7008,0,489,1,1
7009,0,343,1,1
7010,0,107,1,1
7011,0,51,1,1
7012,0,37,1,1
7013,0,24,1,1
7014,0,46,1,1
7015,0,59,1,1
7016,0,111,1,1
7017,0,100,1,1
7018,0,106,1,1
7019,0,115,1,1
7020,0,114,1,1
7021,0,163,1,1
7022,0,140,1,1
7023,0,127,1,1
7024,0,139,1,1
7025,0,162,1,1
7026,0,195,1,1
7027,0,172,1,1
7028,0,223,1,1
7029,0,215,1,1
7030,0,254,1,1
7031,0,260,1,1
7032,0,252,1,1
7033,0,300,1,1
7034,0,329,1,1
7035,0,304,1,1
7036,0,335,1,1
7037,0,378,1,1
7038,0,337,1,1
7039,0,342,1,1
7040,0,391,1,1
7041,0,441,1,1
7042,0,403,1,1
7043,0,416,1,1
7044,0,479,1,1
7045,0,451,1,1
7046,0,458,1,1
7047,0,444,1,1
7048,0,444,1,1
7049,0,471,1,1
7050,0,458,1,1
7051,0,453,1,1
7052,0,474,1,1
7053,0,489,1,1
7054,0,504,1,1
7055,0,542,1,1
7056,0,458,1,1
7057,0,467,1,1
7058,0,483,1,1
7059,0,432,1,1
7060,0,520,1,1
7061,0,481,1,1
7062,0,484,1,1
7063,0,265,1,1
7064,0,191,1,1
7065,0,171,1,1
7066,0,318,1,1
7067,0,438,1,1
7068,0,446,1,1
7069,0,418,1,1
7070,0,416,1,1
7071,0,412,1,1
7072,0,380,1,1
7073,0,395,1,1
7074,0,394,1,1
7075,0,475,1,1
7076,0,467,1,1
7077,0,432,1,1
7078,0,454,1,1
7079,0,487,1,1
7080,0,500,1,1
7081,0,412,1,1
7082,0,176,1,1
7083,0,353,1,1
7084,0,35,1,1
7085,0,45,1,1
7086,0,74,1,1
7087,0,106,1,1
7088,0,129,1,1
7089,0,160,1,1
7090,0,203,1,1
7091,0,194,1,1
7092,0,250,1,1
7093,0,245,1,1
7094,0,242,1,1
7095,0,238,1,1
7096,0,241,1,1
7097,0,284,1,1
7098,0,266,1,1
7099,0,311,1,1
7100,0,318,1,1
7101,0,350,1,1
7102,0,338,1,1
7103,0,391,1,1
7104,0,353,1,1
7105,0,419,1,1
7106,0,422,1,1
7107,0,436,1,1
7108,0,410,1,1
7109,0,437,1,1
7110,0,413,1,1
7111,0,446,1,1
7112,0,437,1,1
7113,0,474,1,1
7114,0,495,1,1
7115,0,491,1,1
7116,0,473,1,1
7117,0,503,1,1
7118,0,480,1,1
7119,0,531,1,1
7120,0,527,1,1
7121,0,483,1,1
7122,0,526,1,1
7123,0,521,1,1
7124,0,504,1,1
7125,0,560,1,1
7126,0,512,1,1
7127,0,513,1,1
7128,0,537,1,1
7129,0,557,1,1
7130,0,520,1,1
7131,0,499,1,1
7132,0,550,1,1
7133,0,572,1,1
7134,0,494,1,1
7135,0,420,1,1
7136,0,152,1,1
7137,0,162,1,1
7138,0,377,1,1
7139,0,435,1,1
7140,0,478,1,1
7141,0,523,1,1
7142,0,445,1,1
7143,0,380,1,1
7144,0,387,1,1
7145,0,384,1,1
7146,0,414,1,1
7147,0,438,1,1
7148,0,421,1,1
7149,0,372,1,1
7150,0,425,1,1
7151,0,438,1,1
7152,0,408,1,1
7153,0,349,1,1
7154,0,247,1,1
7155,0,28,1,1
7156,0,48,1,1
7157,0,33,1,1
7158,0,58,1,1
7159,0,74,1,1
7160,0,108,1,1
7161,0,137,1,1
7162,0,138,1,1
7163,0,145,1,1
7164,0,154,1,1
7165,0,154,1,1
7166,0,180,1,1
7167,0,184,1,1
7168,0,182,1,1
7169,0,195,1,1
7170,0,228,1,1
7171,0,268,1,1
7172,0,281,1,1
7173,0,327,1,1
7174,0,342,1,1
7175,0,344,1,1
7176,0,368,1,1
7177,0,406,1,1
7178,0,455,1,1
7179,0,416,1,1
7180,0,425,1,1
7181,0,443,1,1
7182,0,395,1,1
7183,0,422,1,1
7184,0,461,1,1
7185,0,498,1,1
7186,0,555,1,1
7187,0,550,1,1
7188,0,551,1,1
7189,0,549,1,1
7190,0,550,1,1
7191,0,571,1,1
7192,0,501,1,1
7193,0,522,1,1
7194,0,566,1,1
7195,0,463,1,1
7196,0,457,1,1
7197,0,456,1,1
7198,0,438,1,1
7199,0,493,1,1
7200,0,478,1,1
7201,0,442,1,1
7202,0,439,1,1
7203,0,443,1,1
7204,0,433,1,1
7205,0,443,1,1
7206,0,330,1,1
7207,0,295,1,1
7208,0,109,1,1
7209,0,135,1,1
7210,0,280,1,1
7211,0,314,1,1
7212,0,395,1,1
7213,0,464,1,1
7214,0,420,1,1
7215,0,448,1,1
7216,0,381,1,1
7217,0,410,1,1
7218,0,449,1,1
7219,0,446,1,1
7220,0,407,1,1
7221,0,450,1,1
7222,0,380,1,1
7223,0,355,1,1
7224,0,357,1,1
7225,0,375,1,1
7226,0,101,1,1
7227,0,97,1,1
7228,0,118,1,1
7229,0,70,1,1
7230,0,49,1,1
7231,0,80,1,1
7232,0,160,1,1
7233,0,273,1,1
7234,0,268,1,1
7235,0,281,1,1
7236,0,226,1,1
7237,0,236,1,1
7238,0,192,1,1
7239,0,199,1,1
7240,0,178,1,1
7241,0,214,1,1
7242,0,190,1,1
7243,0,174,1,1
7244,0,210,1,1
7245,0,204,1,1
7246,0,254,1,1
7247,0,226,1,1
7248,0,299,1,1
7249,0,280,1,1
7250,0,261,1,1
7251,0,302,1,1
7252,0,310,1,1
7253,0,362,1,1
7254,0,329,1,1
7255,0,330,1,1
7256,0,365,1,1
7257,0,409,1,1
7258,0,384,1,1
7259,0,407,1,1
7260,0,398,1,1
7261,0,405,1,1
7262,0,436,1,1
7263,0,442,1,1
7264,0,417,1,1
7265,0,461,1,1
7266,0,441,1,1
7267,0,440,1,1
7268,0,391,1,1
7269,0,461,1,1
7270,0,453,1,1
7271,0,459,1,1
7272,0,499,1,1
7273,0,449,1,1
7274,0,375,1,1
7275,0,387,1,1
7276,0,314,1,1
7277,0,396,1,1
7278,0,386,1,1
7279,0,467,1,1
7280,0,468,1,1
7281,0,307,1,1
7282,0,398,1,1
7283,0,364,1,1
7284,0,340,1,1
7285,0,373,1,1
7286,0,348,1,1
7287,0,335,1,1
7288,0,316,1,1
7289,0,319,1,1
7290,0,373,1,1
7291,0,357,1,1
7292,0,370,1,1
7293,0,408,1,1
7294,0,386,1,1
7295,0,339,1,1
7296,0,305,1,1
7297,0,304,1,1
7298,0,38,1,1
7299,0,230,1,1
7300,0,30,1,1
7301,0,29,1,1
7302,0,32,1,1
7303,0,44,1,1
7304,0,68,1,1
7305,0,63,1,1
7306,0,57,1,1
7307,0,84,1,1
7308,0,110,1,1
7309,0,93,1,1
7310,0,107,1,1
7311,0,94,1,1
7312,0,102,1,1
7313,0,141,1,1
7314,0,146,1,1
7315,0,137,1,1
7316,0,162,1,1
7317,0,163,1,1
7318,0,148,1,1
7319,0,175,1,1
7320,0,195,1,1
7321,0,223,1,1
7322,0,254,1,1
7323,0,280,1,1
7324,0,318,1,1
7325,0,324,1,1
7326,0,358,1,1
7327,0,349,1,1
7328,0,394,1,1
7329,0,428,1,1
7330,0,436,1,1
7331,0,469,1,1
7332,0,523,1,1
7333,0,475,1,1
7334,0,491,1,1
7335,0,467,1,1
7336,0,569,1,1
7337,0,542,1,1
7338,0,516,1,1
7339,0,553,1,1
7340,0,472,1,1
7341,0,489,1,1
7342,0,534,1,1
7343,0,530,1,1
7344,0,556,1,1
7345,0,534,1,1
7346,0,497,1,1
7347,0,466,1,1
7348,0,416,1,1
7349,0,431,1,1
7350,0,398,1,1
7351,0,479,1,1
7352,0,517,1,1
7353,0,464,1,1
7354,0,466,1,1
7355,0,460,1,1
7356,0,452,1,1
7357,0,417,1,1
7358,0,375,1,1
7359,0,383,1,1
7360,0,389,1,1
7361,0,392,1,1
7362,0,381,1,1
7363,0,387,1,1
7364,0,381,1,1
7365,0,409,1,1
7366,0,378,1,1
7367,0,380,1,1
7368,0,424,1,1
7369,0,326,1,1
7370,0,64,1,1
7371,0,247,1,1
7372,0,23,1,1
7373,0,22,1,1
7374,0,50,1,1
7375,0,51,1,1
7376,0,48,1,1
7377,0,70,1,1
7378,0,73,1,1
7379,0,82,1,1
7380,0,109,1,1
7381,0,94,1,1
7382,0,97,1,1
7383,0,93,1,1
7384,0,110,1,1
7385,0,122,1,1
7386,0,141,1,1
7387,0,124,1,1
7388,0,159,1,1
7389,0,152,1,1
7390,0,192,1,1
7391,0,190,1,1
7392,0,207,1,1
7393,0,270,1,1
7394,0,274,1,1
7395,0,265,1,1
7396,0,286,1,1
7397,0,290,1,1
7398,0,173,1,1
7399,0,158,1,1
7400,0,323,1,1
7401,0,403,1,1
7402,0,496,1,1
7403,0,438,1,1
7404,0,456,1,1
7405,0,523,1,1
7406,0,565,1,1
7407,0,486,1,1
7408,0,576,1,1
7409,0,522,1,1
7410,0,451,1,1
7411,0,524,1,1
7412,0,546,1,1
7413,0,521,1,1
7414,0,551,1,1
7415,0,537,1,1
7416,0,579,1,1
7417,0,555,1,1
7418,0,545,1,1
7419,0,505,1,1
7420,0,441,1,1
7421,0,488,1,1
7422,0,422,1,1
7423,0,368,1,1
7424,0,524,1,1
7425,0,591,1,1
7426,0,474,1,1
7427,0,436,1,1
7428,0,442,1,1
7429,0,448,1,1
7430,0,413,1,1
7431,0,455,1,1
7432,0,380,1,1
7433,0,412,1,1
7434,0,373,1,1
7435,0,395,1,1
7436,0,378,1,1
7437,0,377,1,1
7438,0,413,1,1
7439,0,381,1,1
7440,0,419,1,1
7441,0,320,1,1
7442,0,460,1,1
7443,0,20,1,1
7444,0,41,1,1
7445,0,39,1,1
7446,0,59,1,1
7447,0,92,1,1
7448,0,101,1,1
7449,0,102,1,1
7450,0,142,1,1
7451,0,130,1,1
7452,0,154,1,1
7453,0,155,1,1
7454,0,142,1,1
7455,0,157,1,1
7456,0,130,1,1
7457,0,165,1,1
7458,0,208,1,1
7459,0,180,1,1
7460,0,210,1,1
7461,0,223,1,1
7462,0,232,1,1
7463,0,222,1,1
7464,0,248,1,1
7465,0,281,1,1
7466,0,316,1,1
7467,0,314,1,1
7468,0,397,1,1
7469,0,387,1,1
7470,0,324,1,1
7471,0,359,1,1
7472,0,378,1,1
7473,0,491,1,1
7474,0,429,1,1
7475,0,465,1,1
7476,0,452,1,1
7477,0,485,1,1
7478,0,473,1,1
7479,0,467,1,1
7480,0,444,1,1
7481,0,478,1,1
7482,0,467,1,1
7483,0,504,1,1
7484,0,489,1,1
7485,0,444,1,1
7486,0,468,1,1
7487,0,456,1,1
7488,0,502,1,1
7489,0,444,1,1
7490,0,462,1,1
7491,0,467,1,1
7492,0,430,1,1
7493,0,433,1,1
7494,0,407,1,1
7495,0,367,1,1
7496,0,519,1,1
7497,0,477,1,1
7498,0,501,1,1
7499,0,540,1,1
7500,0,466,1,1
7501,0,469,1,1
7502,0,443,1,1
7503,0,411,1,1
7504,0,347,1,1
7505,0,414,1,1
7506,0,437,1,1
7507,0,402,1,1
7508,0,421,1,1
7509,0,430,1,1
7510,0,430,1,1
7511,0,389,1,1
7512,0,400,1,1
7513,0,361,1,1
7514,0,80,1,1
7515,0,29,1,1
7516,0,35,1,1
7517,0,33,1,1
7518,0,67,1,1
7519,0,50,1,1
7520,0,84,1,1
7521,0,93,1,1
7522,0,80,1,1
7523,0,108,1,1
7524,0,99,1,1
7525,0,118,1,1
7526,0,113,1,1
7527,0,147,1,1
7528,0,135,1,1
7529,0,165,1,1
7530,0,150,1,1
7531,0,174,1,1
7532,0,231,1,1
7533,0,220,1,1
7534,0,202,1,1
7535,0,235,1,1
7536,0,259,1,1
7537,0,241,1,1
7538,0,275,1,1
7539,0,298,1,1
7540,0,319,1,1
7541,0,357,1,1
7542,0,296,1,1
7543,0,334,1,1
7544,0,366,1,1
7545,0,406,1,1
7546,0,419,1,1
7547,0,441,1,1
7548,0,428,1,1
7549,0,459,1,1
7550,0,445,1,1
7551,0,416,1,1
7552,0,460,1,1
7553,0,482,1,1
7554,0,554,1,1
7555,0,463,1,1
7556,0,445,1,1
7557,0,465,1,1
7558,0,485,1,1
7559,0,454,1,1
7560,0,528,1,1
7561,0,493,1,1
7562,0,441,1,1
7563,0,485,1,1
7564,0,477,1,1
7565,0,444,1,1
7566,0,414,1,1
7567,0,437,1,1
7568,0,446,1,1
7569,0,445,1,1
7570,0,481,1,1
7571,0,421,1,1
7572,0,404,1,1
7573,0,424,1,1
7574,0,355,1,1
7575,0,377,1,1
7576,0,410,1,1
7577,0,415,1,1
7578,0,423,1,1
7579,0,366,1,1
7580,0,371,1,1
7581,0,345,1,1
7582,0,330,1,1
7583,0,298,1,1
7584,0,264,1,1
7585,0,227,1,1
7586,0,83,1,1
7587,0,56,1,1
7588,0,87,1,1
7589,0,155,1,1
7590,0,259,1,1
7591,0,375,1,1
7592,0,452,1,1
7593,0,486,1,1
7594,0,544,1,1
7595,0,487,1,1
7596,0,429,1,1
7597,0,453,1,1
7598,0,404,1,1
7599,0,346,1,1
7600,0,337,1,1
7601,0,323,1,1
7602,0,332,1,1
7603,0,307,1,1
7604,0,357,1,1
7605,0,352,1,1
7606,0,351,1,1
7607,0,377,1,1
7608,0,362,1,1
7609,0,383,1,1
7610,0,375,1,1
7611,0,443,1,1
7612,0,445,1,1
7613,0,330,1,1
7614,0,345,1,1
7615,0,376,1,1
7616,0,420,1,1
7617,0,436,1,1
7618,0,450,1,1
7619,0,444,1,1
7620,0,474,1,1
7621,0,454,1,1
7622,0,492,1,1
7623,0,408,1,1
7624,0,453,1,1
7625,0,416,1,1
7626,0,512,1,1
7627,0,505,1,1
7628,0,480,1,1
7629,0,463,1,1
7630,0,579,1,1
7631,0,545,1,1
7632,0,519,1,1
7633,0,485,1,1
7634,0,484,1,1
7635,0,471,1,1
7636,0,507,1,1
7637,0,545,1,1
7638,0,522,1,1
7639,0,446,1,1
7640,0,564,1,1
7641,0,577,1,1
7642,0,444,1,1
7643,0,484,1,1
7644,0,480,1,1
7645,0,417,1,1
7646,0,352,1,1
7647,0,319,1,1
7648,0,300,1,1
7649,0,248,1,1
7650,0,279,1,1
7651,0,276,1,1
7652,0,298,1,1
7653,0,245,1,1
7654,0,243,1,1
7655,0,276,1,1
7656,0,250,1,1
7657,0,229,1,1
7658,0,247,1,1
7659,0,53,1,1
7660,0,68,1,1
7661,0,111,1,1
7662,0,232,1,1
7663,0,351,1,1
7664,0,413,1,1
7665,0,441,1,1
7666,0,478,1,1
7667,0,488,1,1
7668,0,476,1,1
7669,0,461,1,1
7670,0,467,1,1
7671,0,350,1,1
7672,0,357,1,1
7673,0,367,1,1
7674,0,376,1,1
7675,0,332,1,1
7676,0,370,1,1
7677,0,313,1,1
7678,0,383,1,1
7679,0,329,1,1
7680,0,328,1,1
7681,0,347,1,1
7682,0,348,1,1
7683,0,458,1,1
7684,0,446,1,1
7685,0,382,1,1
7686,0,353,1,1
7687,0,380,1,1
7688,0,378,1,1
7689,0,439,1,1
7690,0,412,1,1
7691,0,423,1,1
7692,0,418,1,1
7693,0,431,1,1
7694,0,464,1,1
7695,0,431,1,1
7696,0,460,1,1
7697,0,480,1,1
7698,0,482,1,1
7699,0,416,1,1
7700,0,482,1,1
7701,0,460,1,1
7702,0,566,1,1
7703,0,538,1,1
7704,0,527,1,1
7705,0,580,1,1
7706,0,538,1,1
7707,0,518,1,1
7708,0,545,1,1
7709,0,562,1,1
7710,0,546,1,1
7711,0,553,1,1
7712,0,559,1,1
7713,0,530,1,1
7714,0,496,1,1
7715,0,452,1,1
7716,0,413,1,1
7717,0,360,1,1
7718,0,308,1,1
7719,0,333,1,1
7720,0,336,1,1
7721,0,276,1,1
7722,0,298,1,1
7723,0,262,1,1
7724,0,304,1,1
7725,0,288,1,1
7726,0,300,1,1
7727,0,259,1,1
7728,0,251,1,1
7729,0,219,1,1
7730,0,91,1,1
7731,0,54,1,1
7732,0,71,1,1
7733,0,182,1,1
7734,0,278,1,1
7735,0,420,1,1
7736,0,387,1,1
7737,0,534,1,1
7738,0,509,1,1
7739,0,506,1,1
7740,0,472,1,1
7741,0,500,1,1
7742,0,470,1,1
7743,0,345,1,1
7744,0,402,1,1
7745,0,367,1,1
7746,0,357,1,1
7747,0,383,1,1
7748,0,339,1,1
7749,0,336,1,1
7750,0,363,1,1
7751,0,370,1,1
7752,0,362,1,1
7753,0,377,1,1
7754,0,412,1,1
7755,0,381,1,1
7756,0,495,1,1
7757,0,416,1,1
7758,0,349,1,1
7759,0,422,1,1
7760,0,408,1,1
7761,0,470,1,1
7762,0,406,1,1
7763,0,432,1,1
7764,0,398,1,1
7765,0,479,1,1
7766,0,497,1,1
7767,0,487,1,1
7768,0,396,1,1
7769,0,436,1,1
7770,0,445,1,1
7771,0,443,1,1
7772,0,529,1,1
7773,0,449,1,1
7774,0,562,1,1
7775,0,586,1,1
7776,0,600,1,1
7777,0,544,1,1
7778,0,560,1,1
7779,0,598,1,1
7780,0,639,1,1
7781,0,561,1,1
7782,0,530,1,1
7783,0,548,1,1
7784,0,635,1,1
7785,0,471,1,1
7786,0,498,1,1
7787,0,472,1,1
7788,0,398,1,1
7789,0,454,1,1
7790,0,357,1,1
7791,0,318,1,1
7792,0,316,1,1
7793,0,331,1,1
7794,0,328,1,1
7795,0,291,1,1
7796,0,273,1,1
7797,0,290,1,1
7798,0,275,1,1
7799,0,270,1,1
7800,0,260,1,1
7801,0,221,1,1
7802,0,459,1,1
7803,0,41,1,1
7804,0,83,1,1
7805,0,129,1,1
7806,0,235,1,1
7807,0,393,1,1
7808,0,445,1,1
7809,0,484,1,1
7810,0,476,1,1
7811,0,512,1,1
7812,0,435,1,1
7813,0,446,1,1
7814,0,417,1,1
7815,0,343,1,1
7816,0,358,1,1
7817,0,342,1,1
7818,0,332,1,1
7819,0,313,1,1
7820,0,349,1,1
7821,0,329,1,1
7822,0,335,1,1
7823,0,348,1,1
7824,0,351,1,1
7825,0,342,1,1
7826,0,392,1,1
7827,0,497,1,1
7828,0,423,1,1
7829,0,395,1,1
7830,0,310,1,1
7831,0,409,1,1
7832,0,396,1,1
7833,0,385,1,1
7834,0,376,1,1
7835,0,388,1,1
7836,0,457,1,1
7837,0,484,1,1
7838,0,421,1,1
7839,0,430,1,1
7840,0,424,1,1
7841,0,441,1,1
7842,0,455,1,1
7843,0,421,1,1
7844,0,471,1,1
7845,0,489,1,1
7846,0,549,1,1
7847,0,533,1,1
7848,0,532,1,1
7849,0,510,1,1
7850,0,487,1,1
7851,0,513,1,1
7852,0,516,1,1
7853,0,527,1,1
7854,0,498,1,1
7855,0,550,1,1
7856,0,427,1,1
7857,0,530,1,1
7858,0,506,1,1
7859,0,463,1,1
7860,0,478,1,1
7861,0,416,1,1
7862,0,334,1,1
7863,0,321,1,1
7864,0,317,1,1
7865,0,312,1,1
7866,0,319,1,1
7867,0,291,1,1
7868,0,273,1,1
7869,0,304,1,1
7870,0,292,1,1
7871,0,291,1,1
7872,0,250,1,1
7873,0,249,1,1
7874,0,89,1,1
7875,0,52,1,1
7876,0,59,1,1
7877,0,124,1,1
7878,0,254,1,1
7879,0,340,1,1
7880,0,409,1,1
7881,0,499,1,1
7882,0,485,1,1
7883,0,457,1,1
7884,0,382,1,1
7885,0,421,1,1
7886,0,353,1,1
7887,0,391,1,1
7888,0,350,1,1
7889,0,332,1,1
7890,0,358,1,1
7891,0,334,1,1
7892,0,298,1,1
7893,0,361,1,1
7894,0,337,1,1
7895,0,335,1,1
7896,0,374,1,1
7897,0,383,1,1
7898,0,384,1,1
7899,0,412,1,1
7900,0,413,1,1
7901,0,321,1,1
7902,0,269,1,1
7903,0,228,1,1
7904,0,395,1,1
7905,0,420,1,1
7906,0,444,1,1
7907,0,433,1,1
7908,0,428,1,1
7909,0,473,1,1
7910,0,481,1,1
7911,0,472,1,1
7912,0,475,1,1
7913,0,434,1,1
7914,0,473,1,1
7915,0,502,1,1
7916,0,487,1,1
7917,0,497,1,1
7918,0,586,1,1
7919,0,577,1,1
7920,0,568,1,1
7921,0,576,1,1
7922,0,522,1,1
7923,0,468,1,1
7924,0,457,1,1
7925,0,523,1,1
7926,0,597,1,1
7927,0,483,1,1
7928,0,468,1,1
7929,0,596,1,1
7930,0,570,1,1
7931,0,550,1,1
7932,0,517,1,1
7933,0,435,1,1
7934,0,462,1,1
7935,0,407,1,1
7936,0,404,1,1
7937,0,311,1,1
7938,0,344,1,1
7939,0,369,1,1
7940,0,352,1,1
7941,0,341,1,1
7942,0,394,1,1
7943,0,363,1,1
7944,0,354,1,1
7945,0,336,1,1
7946,0,231,1,1
7947,0,44,1,1
7948,0,77,1,1
7949,0,108,1,1
7950,0,165,1,1
7951,0,179,1,1
7952,0,208,1,1
7953,0,285,1,1
7954,0,304,1,1
7955,0,334,1,1
7956,0,324,1,1
7957,0,363,1,1
7958,0,370,1,1
7959,0,325,1,1
7960,0,368,1,1
7961,0,365,1,1
7962,0,354,1,1
7963,0,287,1,1
7964,0,372,1,1
7965,0,325,1,1
7966,0,357,1,1
7967,0,330,1,1
7968,0,369,1,1
7969,0,424,1,1
7970,0,468,1,1
7971,0,386,1,1
7972,0,464,1,1
7973,0,460,1,1
7974,0,485,1,1
7975,0,408,1,1
7976,0,444,1,1
7977,0,435,1,1
7978,0,493,1,1
7979,0,417,1,1
7980,0,483,1,1
7981,0,434,1,1
7982,0,463,1,1
7983,0,424,1,1
7984,0,385,1,1
7985,0,431,1,1
7986,0,484,1,1
7987,0,452,1,1
7988,0,444,1,1
7989,0,454,1,1
7990,0,444,1,1
7991,0,474,1,1
7992,0,510,1,1
7993,0,474,1,1
7994,0,493,1,1
7995,0,473,1,1
7996,0,450,1,1
7997,0,554,1,1
7998,0,536,1,1
7999,0,470,1,1
8000,0,440,1,1
8001,0,558,1,1
8002,0,551,1,1
8003,0,538,1,1
8004,0,504,1,1
8005,0,463,1,1
8006,0,472,1,1
8007,0,436,1,1
8008,0,420,1,1
8009,0,365,1,1
8010,0,438,1,1
8011,0,454,1,1
8012,0,477,1,1
8013,0,416,1,1
8014,0,392,1,1
8015,0,351,1,1
8016,0,389,1,1
8017,0,350,1,1
8018,0,210,1,1
8019,0,22,1,1
8020,0,29,1,1
8021,0,55,1,1
8022,0,57,1,1
8023,0,66,1,1
8024,0,85,1,1
8025,0,99,1,1
8026,0,89,1,1
8027,0,163,1,1
8028,0,202,1,1
8029,0,257,1,1
8030,0,304,1,1
8031,0,365,1,1
8032,0,384,1,1
8033,0,328,1,1
8034,0,294,1,1
8035,0,258,1,1
8036,0,267,1,1
8037,0,305,1,1
8038,0,329,1,1
8039,0,374,1,1
8040,0,350,1,1
8041,0,520,1,1
8042,0,548,1,1
8043,0,434,1,1
8044,0,449,1,1
8045,0,481,1,1
8046,0,498,1,1
8047,0,499,1,1
8048,0,531,1,1
8049,0,539,1,1
8050,0,543,1,1
8051,0,526,1,1
8052,0,516,1,1
8053,0,570,1,1
8054,0,586,1,1
8055,0,545,1,1
8056,0,560,1,1
8057,0,565,1,1
8058,0,569,1,1
8059,0,637,1,1
8060,0,589,1,1
8061,0,557,1,1
8062,0,507,1,1
8063,0,605,1,1
8064,0,514,1,1
8065,0,493,1,1
8066,0,448,1,1
8067,0,394,1,1
8068,0,406,1,1
8069,0,414,1,1
8070,0,450,1,1
8071,0,417,1,1
8072,0,368,1,1
8073,0,514,1,1
8074,0,491,1,1
8075,0,493,1,1
8076,0,445,1,1
8077,0,414,1,1
8078,0,478,1,1
8079,0,432,1,1
8080,0,409,1,1
8081,0,375,1,1
8082,0,423,1,1
8083,0,340,1,1
8084,0,341,1,1
8085,0,354,1,1
8086,0,363,1,1
8087,0,305,1,1
8088,0,284,1,1
8089,0,270,1,1
8090,0,218,1,1
8091,0,43,1,1
8092,0,79,1,1
8093,0,147,1,1
8094,0,324,1,1
8095,0,375,1,1
8096,0,405,1,1
8097,0,501,1,1
8098,0,561,1,1
8099,0,420,1,1
8100,0,468,1,1
8101,0,460,1,1
8102,0,391,1,1
8103,0,367,1,1
8104,0,391,1,1
8105,0,362,1,1
8106,0,351,1,1
8107,0,349,1,1
8108,0,347,1,1
8109,0,349,1,1
8110,0,367,1,1
8111,0,349,1,1
8112,0,324,1,1
8113,0,381,1,1
8114,0,407,1,1
8115,0,425,1,1
8116,0,408,1,1
8117,0,381,1,1
8118,0,364,1,1
8119,0,385,1,1
8120,0,395,1,1
8121,0,419,1,1
8122,0,419,1,1
8123,0,441,1,1
8124,0,437,1,1
8125,0,453,1,1
8126,0,423,1,1
8127,0,479,1,1
8128,0,438,1,1
8129,0,392,1,1
8130,0,463,1,1
8131,0,492,1,1
8132,0,481,1,1
8133,0,506,1,1
8134,0,553,1,1
8135,0,526,1,1
8136,0,614,1,1
8137,0,506,1,1
8138,0,469,1,1
8139,0,563,1,1
8140,0,486,1,1
8141,0,514,1,1
8142,0,558,1,1
8143,0,555,1,1
8144,0,460,1,1
8145,0,586,1,1
8146,0,451,1,1
8147,0,501,1,1
8148,0,396,1,1
8149,0,399,1,1
8150,0,357,1,1
8151,0,312,1,1
8152,0,291,1,1
8153,0,311,1,1
8154,0,285,1,1
8155,0,256,1,1
8156,0,282,1,1
8157,0,298,1,1
8158,0,244,1,1
8159,0,267,1,1
8160,0,298,1,1
8161,0,279,1,1
8162,0,28,1,1
8163,0,56,1,1
8164,0,53,1,1
8165,0,98,1,1
8166,0,206,1,1
8167,0,207,1,1
8168,0,206,1,1
8169,0,277,1,1
8170,0,287,1,1
8171,0,292,1,1
8172,0,315,1,1
8173,0,291,1,1
8174,0,350,1,1
8175,0,295,1,1
8176,0,299,1,1
8177,0,364,1,1
8178,0,323,1,1
8179,0,278,1,1
8180,0,341,1,1
8181,0,370,1,1
8182,0,329,1,1
8183,0,335,1,1
8184,0,354,1,1
8185,0,347,1,1
8186,0,415,1,1
8187,0,420,1,1
8188,0,368,1,1
8189,0,399,1,1
8190,0,376,1,1
8191,0,374,1,1
8192,0,410,1,1
8193,0,473,1,1
8194,0,430,1,1
8195,0,419,1,1
8196,0,433,1,1
8197,0,391,1,1
8198,0,438,1,1
8199,0,410,1,1
8200,0,415,1,1
8201,0,340,1,1
8202,0,361,1,1
8203,0,413,1,1
8204,0,420,1,1
8205,0,392,1,1
8206,0,447,1,1
8207,0,448,1,1
8208,0,479,1,1
8209,0,474,1,1
8210,0,516,1,1
8211,0,496,1,1
8212,0,531,1,1
8213,0,581,1,1
8214,0,544,1,1
8215,0,561,1,1
8216,0,520,1,1
8217,0,631,1,1
8218,0,527,1,1
8219,0,516,1,1
8220,0,492,1,1
8221,0,437,1,1
8222,0,359,1,1
8223,0,360,1,1
8224,0,326,1,1
8225,0,299,1,1
8226,0,331,1,1
8227,0,301,1,1
8228,0,331,1,1
8229,0,322,1,1
8230,0,348,1,1
8231,0,288,1,1
8232,0,294,1,1
8233,0,248,1,1
8234,0,38,1,1
8235,0,69,1,1
8236,0,73,1,1
8237,0,159,1,1
8238,0,292,1,1
8239,0,382,1,1
8240,0,406,1,1
8241,0,574,1,1
8242,0,534,1,1
8243,0,514,1,1
8244,0,509,1,1
8245,0,473,1,1
8246,0,436,1,1
8247,0,401,1,1
8248,0,390,1,1
8249,0,377,1,1
8250,0,392,1,1
8251,0,352,1,1
8252,0,319,1,1
8253,0,351,1,1
8254,0,340,1,1
8255,0,329,1,1
8256,0,356,1,1
8257,0,342,1,1
8258,0,396,1,1
8259,0,408,1,1
8260,0,457,1,1
8261,0,378,1,1
8262,0,369,1,1
8263,0,396,1,1
8264,0,408,1,1
8265,0,416,1,1
8266,0,443,1,1
8267,0,441,1,1
8268,0,416,1,1
8269,0,435,1,1
8270,0,467,1,1
8271,0,364,1,1
8272,0,366,1,1
8273,0,376,1,1
8274,0,410,1,1
8275,0,455,1,1
8276,0,456,1,1
8277,0,491,1,1
8278,0,520,1,1
8279,0,527,1,1
8280,0,527,1,1
8281,0,555,1,1
8282,0,560,1,1
8283,0,505,1,1
8284,0,472,1,1
8285,0,535,1,1
8286,0,399,1,1
8287,0,469,1,1
8288,0,582,1,1
8289,0,471,1,1
8290,0,445,1,1
8291,0,431,1,1
8292,0,415,1,1
8293,0,413,1,1
8294,0,337,1,1
8295,0,320,1,1
8296,0,311,1,1
8297,0,303,1,1
8298,0,294,1,1
8299,0,297,1,1
8300,0,321,1,1
8301,0,306,1,1
8302,0,313,1,1
8303,0,287,1,1
8304,0,286,1,1
8305,0,227,1,1
8306,0,29,1,1
8307,0,42,1,1
8308,0,74,1,1
8309,0,145,1,1
8310,0,338,1,1
8311,0,357,1,1
8312,0,381,1,1
8313,0,537,1,1
8314,0,551,1,1
8315,0,472,1,1
8316,0,446,1,1
8317,0,481,1,1
8318,0,465,1,1
8319,0,391,1,1
8320,0,380,1,1
8321,0,372,1,1
8322,0,377,1,1
8323,0,356,1,1
8324,0,357,1,1
8325,0,342,1,1
8326,0,368,1,1
8327,0,388,1,1
8328,0,380,1,1
8329,0,352,1,1
8330,0,381,1,1
8331,0,378,1,1
8332,0,449,1,1
8333,0,343,1,1
8334,0,350,1,1
8335,0,388,1,1
8336,0,406,1,1
8337,0,385,1,1
8338,0,401,1,1
8339,0,373,1,1
8340,0,432,1,1
8341,0,427,1,1
8342,0,425,1,1
8343,0,435,1,1
8344,0,404,1,1
8345,0,374,1,1
8346,0,445,1,1
8347,0,427,1,1
8348,0,442,1,1
8349,0,516,1,1
8350,0,531,1,1
8351,0,598,1,1
8352,0,558,1,1
8353,0,533,1,1
8354,0,521,1,1
8355,0,519,1,1
8356,0,540,1,1
8357,0,571,1,1
8358,0,579,1,1
8359,0,493,1,1
8360,0,611,1,1
8361,0,561,1,1
8362,0,515,1,1
8363,0,446,1,1
8364,0,438,1,1
8365,0,440,1,1
8366,0,306,1,1
8367,0,313,1,1
8368,0,331,1,1
8369,0,272,1,1
8370,0,346,1,1
8371,0,273,1,1
8372,0,342,1,1
8373,0,347,1,1
8374,0,334,1,1
8375,0,290,1,1
8376,0,315,1,1
8377,0,238,1,1
8378,0,26,1,1
8379,0,45,1,1
8380,0,68,1,1
8381,0,147,1,1
8382,0,289,1,1
8383,0,361,1,1
8384,0,374,1,1
8385,0,447,1,1
8386,0,514,1,1
8387,0,495,1,1
8388,0,427,1,1
8389,0,438,1,1
8390,0,427,1,1
8391,0,368,1,1
8392,0,422,1,1
8393,0,397,1,1
8394,0,335,1,1
8395,0,403,1,1
8396,0,361,1,1
8397,0,341,1,1
8398,0,354,1,1
8399,0,355,1,1
8400,0,366,1,1
8401,0,369,1,1
8402,0,422,1,1
8403,0,463,1,1
8404,0,356,1,1
8405,0,362,1,1
8406,0,247,1,1
8407,0,264,1,1
8408,0,430,1,1
8409,0,485,1,1
8410,0,438,1,1
8411,0,480,1,1
8412,0,452,1,1
8413,0,487,1,1
8414,0,483,1,1
8415,0,472,1,1
8416,0,467,1,1
8417,0,439,1,1
8418,0,496,1,1
8419,0,499,1,1
8420,0,502,1,1
8421,0,493,1,1
8422,0,556,1,1
8423,0,602,1,1
8424,0,594,1,1
8425,0,543,1,1
8426,0,502,1,1
8427,0,568,1,1
8428,0,543,1,1
8429,0,515,1,1
8430,0,571,1,1
8431,0,543,1,1
8432,0,607,1,1
8433,0,584,1,1
8434,0,581,1,1
8435,0,513,1,1
8436,0,518,1,1
8437,0,406,1,1
8438,0,408,1,1
8439,0,365,1,1
8440,0,308,1,1
8441,0,342,1,1
8442,0,365,1,1
8443,0,376,1,1
8444,0,354,1,1
8445,0,399,1,1
8446,0,452,1,1
8447,0,411,1,1
8448,0,387,1,1
8449,0,284,1,1
8450,0,36,1,1
8451,0,53,1,1
8452,0,55,1,1
8453,0,109,1,1
8454,0,165,1,1
8455,0,176,1,1
8456,0,223,1,1
8457,0,289,1,1
8458,0,288,1,1
8459,0,321,1,1
8460,0,340,1,1
8461,0,417,1,1
8462,0,442,1,1
8463,0,298,1,1
8464,0,294,1,1
8465,0,289,1,1
8466,0,309,1,1
8467,0,352,1,1
8468,0,366,1,1
8469,0,349,1,1
8470,0,366,1,1
8471,0,345,1,1
8472,0,436,1,1
8473,0,382,1,1
8474,0,409,1,1
8475,0,407,1,1
8476,0,431,1,1
8477,0,437,1,1
8478,0,463,1,1
8479,0,521,1,1
8480,0,541,1,1
8481,0,507,1,1
8482,0,483,1,1
8483,0,499,1,1
8484,0,483,1,1
8485,0,472,1,1
8486,0,468,1,1
8487,0,461,1,1
8488,0,422,1,1
8489,0,462,1,1
8490,0,491,1,1
8491,0,501,1,1
8492,0,474,1,1
8493,0,422,1,1
8494,0,472,1,1
8495,0,520,1,1
8496,0,508,1,1
8497,0,544,1,1
8498,0,614,1,1
8499,0,530,1,1
8500,0,596,1,1
8501,0,568,1,1
8502,0,481,1,1
8503,0,490,1,1
8504,0,477,1,1
8505,0,566,1,1
8506,0,487,1,1
8507,0,490,1,1
8508,0,456,1,1
8509,0,416,1,1
8510,0,386,1,1
8511,0,391,1,1
8512,0,427,1,1
8513,0,353,1,1
8514,0,360,1,1
8515,0,324,1,1
8516,0,387,1,1
8517,0,398,1,1
8518,0,347,1,1
8519,0,388,1,1
8520,0,414,1,1
8521,0,358,1,1
8522,0,27,1,1
8523,0,21,1,1
8524,0,26,1,1
8525,0,31,1,1
8526,0,84,1,1
8527,0,80,1,1
8528,0,99,1,1
8529,0,96,1,1
8530,0,138,1,1
8531,0,166,1,1
8532,0,194,1,1
8533,0,203,1,1
8534,0,260,1,1
8535,0,237,1,1
8536,0,231,1,1
8537,0,245,1,1
8538,0,206,1,1
8539,0,226,1,1
8540,0,245,1,1
8541,0,286,1,1
8542,0,340,1,1
8543,0,390,1,1
8544,0,353,1,1
8545,0,366,1,1
8546,0,360,1,1
8547,0,350,1,1
8548,0,407,1,1
8549,0,410,1,1
8550,0,444,1,1
8551,0,459,1,1
8552,0,479,1,1
8553,0,501,1,1
8554,0,518,1,1
8555,0,446,1,1
8556,0,496,1,1
8557,0,566,1,1
8558,0,574,1,1
8559,0,610,1,1
8560,0,538,1,1
8561,0,531,1,1
8562,0,535,1,1
8563,0,534,1,1
8564,0,476,1,1
8565,0,435,1,1
8566,0,497,1,1
8567,0,527,1,1
8568,0,512,1,1
8569,0,491,1,1
8570,0,469,1,1
8571,0,499,1,1
8572,0,424,1,1
8573,0,410,1,1
8574,0,432,1,1
8575,0,352,1,1
8576,0,381,1,1
8577,0,485,1,1
8578,0,445,1,1
8579,0,443,1,1
8580,0,423,1,1
8581,0,416,1,1
8582,0,379,1,1
8583,0,356,1,1
8584,0,419,1,1
8585,0,387,1,1
8586,0,402,1,1
8587,0,420,1,1
8588,0,390,1,1
8589,0,400,1,1
8590,0,401,1,1
8591,0,372,1,1
8592,0,336,1,1
8593,0,291,1,1
8594,0,38,1,1
8595,0,61,1,1
8596,0,84,1,1
8597,0,176,1,1
8598,0,308,1,1
8599,0,381,1,1
8600,0,431,1,1
8601,0,500,1,1
8602,0,553,1,1
8603,0,466,1,1
8604,0,473,1,1
8605,0,466,1,1
8606,0,425,1,1
8607,0,414,1,1
8608,0,402,1,1
8609,0,392,1,1
8610,0,383,1,1
8611,0,364,1,1
8612,0,352,1,1
8613,0,343,1,1
8614,0,369,1,1
8615,0,358,1,1
8616,0,330,1,1
8617,0,344,1,1
8618,0,391,1,1
8619,0,398,1,1
8620,0,459,1,1
8621,0,384,1,1
8622,0,349,1,1
8623,0,399,1,1
8624,0,410,1,1
8625,0,424,1,1
8626,0,393,1,1
8627,0,469,1,1
8628,0,428,1,1
8629,0,450,1,1
8630,0,491,1,1
8631,0,449,1,1
8632,0,447,1,1
8633,0,460,1,1
8634,0,468,1,1
8635,0,500,1,1
8636,0,515,1,1
8637,0,526,1,1
8638,0,518,1,1
8639,0,610,1,1
8640,0,541,1,1
8641,0,534,1,1
8642,0,575,1,1
8643,0,622,1,1
8644,0,508,1,1
8645,0,615,1,1
8646,0,581,1,1
8647,0,586,1,1
8648,0,713,1,1
8649,0,608,1,1
8650,0,515,1,1
8651,0,518,1,1
8652,0,487,1,1
8653,0,447,1,1
8654,0,392,1,1
8655,0,383,1,1
8656,0,378,1,1
8657,0,371,1,1
8658,0,363,1,1
8659,0,303,1,1
8660,0,330,1,1
8661,0,342,1,1
8662,0,327,1,1
8663,0,344,1,1
8664,0,310,1,1
8665,0,261,1,1
8666,0,22,1,1
8667,0,43,1,1
8668,0,102,1,1
8669,0,165,1,1
8670,0,323,1,1
8671,0,397,1,1
8672,0,469,1,1
8673,0,543,1,1
8674,0,554,1,1
8675,0,514,1,1
8676,0,523,1,1
8677,0,503,1,1
8678,0,440,1,1
8679,0,395,1,1
8680,0,368,1,1
8681,0,382,1,1
8682,0,348,1,1
8683,0,340,1,1
8684,0,360,1,1
8685,0,381,1,1
8686,0,335,1,1
8687,0,376,1,1
8688,0,391,1,1
8689,0,367,1,1
8690,0,397,1,1
8691,0,426,1,1
8692,0,436,1,1
8693,0,387,1,1
8694,0,387,1,1
8695,0,410,1,1
8696,0,418,1,1
8697,0,402,1,1
8698,0,343,1,1
8699,0,419,1,1
8700,0,449,1,1
8701,0,439,1,1
8702,0,470,1,1
8703,0,488,1,1
8704,0,457,1,1
8705,0,383,1,1
8706,0,494,1,1
8707,0,455,1,1
8708,0,464,1,1
8709,0,485,1,1
8710,0,529,1,1
8711,0,622,1,1
8712,0,560,1,1
8713,0,552,1,1
8714,0,516,1,1
8715,0,532,1,1
8716,0,479,1,1
8717,0,545,1,1
8718,0,492,1,1
8719,0,561,1,1
8720,0,669,1,1
8721,0,547,1,1
8722,0,519,1,1
8723,0,447,1,1
8724,0,426,1,1
8725,0,420,1,1
8726,0,405,1,1
8727,0,329,1,1
8728,0,311,1,1
8729,0,330,1,1
8730,0,303,1,1
8731,0,303,1,1
8732,0,274,1,1
8733,0,282,1,1
8734,0,299,1,1
8735,0,313,1,1
8736,0,290,1,1
8737,0,205,1,1
